﻿sep=,
CUSTOM.date [local], CUSTOM.updateTime [local], OSD.flyTime, OSD.flyTime [s], OSD.latitude, OSD.longitude, OSD.height [ft], OSD.heightMax [ft], OSD.vpsHeight [ft], OSD.altitude [ft], OSD.hSpeed [MPH], OSD.hSpeedMax [MPH], OSD.xSpeed [MPH], OSD.xSpeedMax [MPH], OSD.ySpeed [MPH], OSD.ySpeedMax [MPH], OSD.zSpeed [MPH], OSD.zSpeedMax [MPH], OSD.pitch, OSD.roll, OSD.yaw, OSD.yaw [360], OSD.flycState, OSD.flycCommand, OSD.flightAction, OSD.gpsNum, OSD.gpsLevel, OSD.isGPSUsed, OSD.nonGPSCause, OSD.droneType, OSD.isSwaveWork, OSD.waveError, OSD.goHomeStatus, OSD.batteryType, OSD.ctrlDevice, OSD.isOnGround, OSD.isMotorOn, OSD.isMotorBlocked, OSD.motorStartFailedCause, OSD.motorFailReason, OSD.isImuPreheated, OSD.imuInitFailReason, OSD.isAcceletorOverRange, OSD.isBarometerDeadInAir, OSD.isCompassError, OSD.isGoHomeHeightModified, OSD.canIOCWork, OSD.isNotEnoughForce, OSD.isOutOfLimit, OSD.isPropellerCatapult, OSD.isVibrating, OSD.isVisionUsed, OSD.voltageWarning, GIMBAL.mode, GIMBAL.pitch, GIMBAL.roll, GIMBAL.yaw, GIMBAL.yaw [360], GIMBAL.isPitchAtLimit, GIMBAL.isRollAtLimit, GIMBAL.isYawAtLimit, GIMBAL.isStuck, CAMERA.isPhoto, CAMERA.isVideo, CAMERA.filename, CAMERA.sdCardIsInserted, CAMERA.sdCardState, RC.downlinkSignal, RC.uplinkSignal, RC.aileron, RC.elevator, RC.throttle, RC.rudder, RC.mode, RC.goHomeDepressed, RC.recordDepressed, RC.shutterDepressed, RC.playbackDepressed, RC.wheelDepressed, RC.wheelOffset, RC.custom1Depressed, RC.custom2Depressed, RC.custom3Depressed, RC.custom4Depressed, BATTERY.chargeLevel, BATTERY.currentPV [V], BATTERY.currentCapacity [mAh], BATTERY.fullCapacity [mAh], BATTERY.voltage [V], BATTERY.isCellVoltageEstimated, BATTERY.cellVoltage1 [V], BATTERY.cellVoltage2 [V], BATTERY.cellVoltage3 [V], BATTERY.cellVoltage4 [V], BATTERY.cellVoltage5 [V], BATTERY.cellVoltage6 [V], BATTERY.maxCellVoltageDeviation, BATTERY.isCellVoltageDeviationHigh, BATTERY.isVoltageLow, BATTERY.current [A], BATTERY.temperature [F], BATTERY.minTemperature [F], BATTERY.maxTemperature [F], BATTERY.usefulTime [s], BATTERY.goHomeTime [s], BATTERY.landTime [s], BATTERY.goHomeBattery, BATTERY.landBattery, BATTERY.safeFlyRadius, BATTERY.volumeConsume, BATTERY.status, BATTERY.goHomeStatus, BATTERY.goHomeCountdown, BATTERY.lowWarning, BATTERY.lowWarningGoHome, BATTERY.seriousLowWarning, BATTERY.seriousLowWarningLanding, BATTERY.timesCharged, MC.failSafeAction, HOME.latitude, HOME.longitude, HOME.distance [ft], HOME.height [ft], HOME.heightLimit [ft], HOME.isHomeRecord, HOME.goHomeMode, HOME.aircraftHeadDirection, HOME.isDynamicHomePointEnabled, HOME.isReachedLimitDistance, HOME.isReachedLimitHeight, HOME.isCompassCeleing, HOME.compassCeleStatus, HOME.isMultipleFlightModeEnabled, HOME.isBeginnerMode, HOME.isIOCEnabled, HOME.iocMode, HOME.goHomeHeight [ft], HOME.courseLockAngle, HOME.forceLandingHeight [ft], HOME.wind, HOME.dataRecorderFileIndex, RECOVER.appType, RECOVER.appVersion, RECOVER.aircraftName, RECOVER.aircraftSerial, RECOVER.cameraSerial, RECOVER.rcSerial, RECOVER.batterySerial, DETAILS.totalTime [s], DETAILS.totalDistance [ft], DETAILS.maxHeight [ft], DETAILS.maxHorizontalSpeed [MPH], DETAILS.maxVerticalSpeed [MPH], DETAILS.photoNum, DETAILS.videoTime [s], DETAILS.aircraftName, DETAILS.aircraftSerial, DETAILS.cameraSerial, DETAILS.rcSerial, DETAILS.batterySerial, DETAILS.appName, DETAILS.appType, DETAILS.appVersion, APPGPS.latitude, APPGPS.longitude, APPGPS.accuracy, APP.message, APP.tip, APP.warning
6/14/2018,11:19:35.54 PM,0m 6.7s,6.7,0,0,0,0,0.3,0,0,0,0,0,0,0,0,0,1.2,0.4,156,156,Starting Motors,Other,Takeoff (RC Assisted),0,0,False,,Matrice 210,True,False,,Smart,RC,True,True,False,,,True,,False,False,False,False,False,False,False,False,False,True,0,Follow Yaw,0,0,155.9,155.9,False,False,False,False,False,False,,False,Normal,,,1024,1024,1024,1024,0,False,False,False,False,False,0,False,False,False,False,,,,,23.708,False,3.951,3.952,3.953,3.958,3.956,3.938,0.02,False,False,,,,,,,,,,,,,Idle,,,True,,False,,Go Home,,,,,,False,,,False,False,False,False,0,False,False,False,,,,,Calm,,, 4.2.16,DF059,095XF1800201C0,09CLF2800600NB,0JFJ4006F4,0KPAF1T23100U1,10.8,0.0,0.0,0.0,0.0,0,0,DF059,095XF1800201C0,09CLF2800600NB,0JFJ4006F4,0KPAF1T23100U1,,, 4.2.16,,,,,,
6/14/2018,11:19:35.64 PM,0m 6.8s,6.8,0,0,0,0,0.3,0,0,0,0,0,0,0,0,0,1.2,0.4,156,156,Starting Motors,Other,Takeoff (RC Assisted),0,0,False,,Matrice 210,True,False,,Smart,RC,True,True,False,,,True,,False,False,False,False,False,False,False,False,False,True,0,Follow Yaw,0,0,155.9,155.9,False,False,False,False,False,False,,False,Normal,,,1024,1024,1024,1024,0,False,False,False,False,False,0,False,False,False,False,,,,,23.708,False,3.951,3.952,3.953,3.958,3.956,3.938,0.02,False,False,,,,,,,,,,,,,Idle,,,True,,False,,Go Home,,,,,,False,,,False,False,False,False,0,False,False,False,,,,,Calm,,, 4.2.16,DF059,095XF1800201C0,09CLF2800600NB,0JFJ4006F4,0KPAF1T23100U1,10.8,0.0,0.0,0.0,0.0,0,0,DF059,095XF1800201C0,09CLF2800600NB,0JFJ4006F4,0KPAF1T23100U1,,, 4.2.16,,,,,,
6/14/2018,11:19:35.74 PM,0m 6.9s,6.9,0,0,0,0,0.3,0,0,0,0,0,0,0,0,0,1.2,0.4,156,156,Starting Motors,Other,Takeoff (RC Assisted),0,0,False,,Matrice 210,True,False,,Smart,RC,True,True,False,,,True,,False,False,False,False,False,False,False,False,False,True,0,Follow Yaw,0,0,155.9,155.9,False,False,False,False,False,False,,False,Normal,,,876,942,909,1212,0,False,False,False,False,False,0,False,False,False,False,,,,,23.708,False,3.951,3.952,3.953,3.958,3.956,3.938,0.02,False,False,,,,,,,,,,,,,Idle,,,True,,False,,Go Home,,,,,,False,,,False,False,False,False,0,False,False,False,,,,,Calm,,, 4.2.16,DF059,095XF1800201C0,09CLF2800600NB,0JFJ4006F4,0KPAF1T23100U1,10.8,0.0,0.0,0.0,0.0,0,0,DF059,095XF1800201C0,09CLF2800600NB,0JFJ4006F4,0KPAF1T23100U1,,, 4.2.16,,,,,,
6/14/2018,11:19:35.84 PM,0m 7.0s,7.0,0,0,0,0,0.3,0,0,0,0,0,0,0,0,0,1.2,0.4,156,156,Starting Motors,Other,Takeoff (RC Assisted),0,0,False,,Matrice 210,True,False,,Smart,RC,True,True,False,,,True,,False,False,False,False,False,False,False,False,False,True,0,Follow Yaw,0,0,155.9,155.9,False,False,False,False,False,False,,False,Normal,,,1024,1024,1024,1024,0,False,False,False,False,False,0,False,False,False,False,,,,,23.708,False,3.951,3.952,3.953,3.958,3.956,3.938,0.02,False,False,,,,,,,,,,,,,Idle,,,True,,False,,Go Home,,,,,,False,,,False,False,False,False,0,False,False,False,,,,,Calm,,, 4.2.16,DF059,095XF1800201C0,09CLF2800600NB,0JFJ4006F4,0KPAF1T23100U1,10.8,0.0,0.0,0.0,0.0,0,0,DF059,095XF1800201C0,09CLF2800600NB,0JFJ4006F4,0KPAF1T23100U1,,, 4.2.16,,,,,,
6/14/2018,11:19:35.94 PM,0m 7.1s,7.1,0,0,0,0,0.3,0,0,0,0,0,0,0,0,0,1.2,0.4,156,156,Starting Motors,Other,Takeoff (RC Assisted),0,0,False,,Matrice 210,True,False,,Smart,RC,True,True,False,,,True,,False,False,False,False,False,False,False,False,False,True,0,Follow Yaw,0,0,155.9,155.9,False,False,False,False,False,False,,False,Normal,,,1024,1024,1024,1024,0,False,False,False,False,False,0,False,False,False,False,,,,,23.708,False,3.951,3.952,3.953,3.958,3.956,3.938,0.02,False,False,,,,,,,,,,,,,Idle,,,True,,False,,Go Home,,,,,,False,,,False,False,False,False,0,False,False,False,,,,,Calm,,, 4.2.16,DF059,095XF1800201C0,09CLF2800600NB,0JFJ4006F4,0KPAF1T23100U1,10.8,0.0,0.0,0.0,0.0,0,0,DF059,095XF1800201C0,09CLF2800600NB,0JFJ4006F4,0KPAF1T23100U1,,, 4.2.16,,,,,,
6/14/2018,11:19:36.14 PM,0m 7.2s,7.2,0,0,0,0,0.3,0,0,0,0,0,0,0,0,0,1.2,0.4,156,156,Starting Motors,Other,Takeoff (RC Assisted),0,0,False,,Matrice 210,True,False,,Smart,RC,True,True,False,,,True,,False,False,False,False,False,False,False,False,False,True,0,Follow Yaw,0,0,155.9,155.9,False,False,False,False,False,False,,False,Normal,,,1024,1024,1024,1024,0,False,False,False,False,False,0,False,False,False,False,65,,,,23.712,False,3.951,3.952,3.953,3.958,3.956,3.938,0.02,False,False,,,,,0,0,0,0,0,0.0,2218.47,,Idle,0,20,False,10,True,,Go Home,,,,,,False,,,False,False,False,False,0,False,False,False,,,,,Calm,,, 4.2.16,DF059,095XF1800201C0,09CLF2800600NB,0JFJ4006F4,0KPAF1T23100U1,10.8,0.0,0.0,0.0,0.0,0,0,DF059,095XF1800201C0,09CLF2800600NB,0JFJ4006F4,0KPAF1T23100U1,,, 4.2.16,,,,,,
6/14/2018,11:19:36.24 PM,0m 7.3s,7.3,0,0,0,0,0.3,0,0,0,0,0,0,0,0,0,1.2,0.4,156,156,Starting Motors,Other,Takeoff (RC Assisted),0,0,False,,Matrice 210,True,False,,Smart,RC,True,True,False,,,True,,False,False,False,False,False,False,False,False,False,True,0,Follow Yaw,0,0,155.9,155.9,False,False,False,False,False,False,,False,Normal,,,1024,1024,1024,1024,0,False,False,False,False,False,0,False,False,False,False,65,,,,23.712,False,3.951,3.952,3.953,3.958,3.956,3.938,0.02,False,False,,,,,0,0,0,0,0,0.0,2218.47,,Idle,0,20,False,10,True,,Go Home,,,,,,False,,,False,False,False,False,0,False,False,False,,,,,Calm,,, 4.2.16,DF059,095XF1800201C0,09CLF2800600NB,0JFJ4006F4,0KPAF1T23100U1,10.8,0.0,0.0,0.0,0.0,0,0,DF059,095XF1800201C0,09CLF2800600NB,0JFJ4006F4,0KPAF1T23100U1,,, 4.2.16,,,,,,
6/14/2018,11:19:36.34 PM,0m 7.4s,7.4,0,0,0,0,0.3,0,0,0,0,0,0,0,0,0,1.2,0.4,156,156,Starting Motors,Other,Takeoff (RC Assisted),0,0,False,,Matrice 210,True,False,,Smart,RC,True,True,False,,,True,,False,False,False,False,False,False,False,False,False,True,0,Follow Yaw,0,0,155.9,155.9,False,False,False,False,False,False,,False,Normal,,,1024,1024,1024,1024,0,False,False,False,False,False,0,False,False,False,False,65,,,,23.712,False,3.951,3.952,3.953,3.958,3.956,3.938,0.02,False,False,,,,,0,0,0,0,0,0.0,2218.47,,Idle,0,20,False,10,True,,Go Home,,,,,,False,,,False,False,False,False,0,False,False,False,,,,,Calm,,, 4.2.16,DF059,095XF1800201C0,09CLF2800600NB,0JFJ4006F4,0KPAF1T23100U1,10.8,0.0,0.0,0.0,0.0,0,0,DF059,095XF1800201C0,09CLF2800600NB,0JFJ4006F4,0KPAF1T23100U1,,, 4.2.16,,,,,,
6/14/2018,11:19:36.45 PM,0m 7.5s,7.5,0,0,0,0,0.3,0,0,0,0,0,0,0,0,0,1.2,0.4,156,156,Starting Motors,Other,Takeoff (RC Assisted),0,0,False,,Matrice 210,True,False,,Smart,RC,True,True,False,,,True,,False,False,False,False,False,False,False,False,False,True,0,Follow Yaw,0,0,155.9,155.9,False,False,False,False,False,False,,False,Normal,,,1024,1024,1024,1024,0,False,False,False,False,False,0,False,False,False,False,65,,,,23.712,False,3.951,3.952,3.953,3.958,3.956,3.938,0.02,False,False,,,,,0,0,0,0,0,0.0,2218.47,,Idle,0,20,False,10,True,,Go Home,,,,,,False,,,False,False,False,False,0,False,False,False,,,,,Calm,,, 4.2.16,DF059,095XF1800201C0,09CLF2800600NB,0JFJ4006F4,0KPAF1T23100U1,10.8,0.0,0.0,0.0,0.0,0,0,DF059,095XF1800201C0,09CLF2800600NB,0JFJ4006F4,0KPAF1T23100U1,,, 4.2.16,,,,,,
6/14/2018,11:19:36.55 PM,0m 7.6s,7.6,0,0,0,0,0.3,0,0,0,0,0,0,0,0,0,1.2,0.4,156,156,Starting Motors,Other,Takeoff (RC Assisted),0,0,False,,Matrice 210,True,False,,Smart,RC,True,True,False,,,True,,False,False,False,False,False,False,False,False,False,True,0,Follow Yaw,0,0,155.9,155.9,False,False,False,False,False,False,,False,Normal,,,1024,1024,1024,1024,0,False,False,False,False,False,0,False,False,False,False,65,,,,23.712,False,3.951,3.952,3.953,3.958,3.956,3.938,0.02,False,False,,,,,0,0,0,0,0,0.0,2218.47,,Idle,0,20,False,10,True,,Go Home,,,,,,False,,,False,False,False,False,0,False,False,False,,,,,Calm,,, 4.2.16,DF059,095XF1800201C0,09CLF2800600NB,0JFJ4006F4,0KPAF1T23100U1,10.8,0.0,0.0,0.0,0.0,0,0,DF059,095XF1800201C0,09CLF2800600NB,0JFJ4006F4,0KPAF1T23100U1,,, 4.2.16,,,,,,
6/14/2018,11:19:36.65 PM,0m 7.7s,7.7,0,0,0,0,0.3,0,0,0,0,0,0,0,0,0,1.2,0.4,156,156,Starting Motors,Other,Takeoff (RC Assisted),0,0,False,,Matrice 210,True,False,,Smart,RC,True,True,False,,,True,,False,False,False,False,False,False,False,False,False,True,0,Follow Yaw,0,0,155.9,155.9,False,False,False,False,False,False,,False,Normal,,,1024,1024,1024,1024,0,False,False,False,False,False,0,False,False,False,False,65,,,,23.68,False,3.948,3.947,3.948,3.953,3.951,3.933,0.02,False,False,,,,,0,0,0,0,0,0.0,2218.47,,Idle,0,20,False,10,True,,Go Home,,,,,,False,,,False,False,False,False,0,False,False,False,,,,,Calm,,, 4.2.16,DF059,095XF1800201C0,09CLF2800600NB,0JFJ4006F4,0KPAF1T23100U1,10.8,0.0,0.0,0.0,0.0,0,0,DF059,095XF1800201C0,09CLF2800600NB,0JFJ4006F4,0KPAF1T23100U1,,, 4.2.16,,,,,,
6/14/2018,11:19:36.75 PM,0m 7.8s,7.8,0,0,0,0,0.3,0,0,0,0,0,0,0,0,0,1.2,0.4,156,156,Manual Takeoff,Other,Takeoff (RC Assisted),0,0,False,,Matrice 210,True,False,,Smart,RC,True,True,False,,,True,,False,False,False,False,False,False,False,False,False,True,0,Follow Yaw,0,0,155.9,155.9,False,False,False,False,False,False,,False,Normal,,,1024,1024,1024,1024,0,False,False,False,False,False,0,False,False,False,False,65,,,,23.68,False,3.948,3.947,3.948,3.953,3.951,3.933,0.02,False,False,,,,,0,0,0,0,0,0.0,2218.47,,Idle,0,20,False,10,True,,Go Home,,,,,,False,,,False,False,False,False,0,False,False,False,,,,,Calm,,, 4.2.16,DF059,095XF1800201C0,09CLF2800600NB,0JFJ4006F4,0KPAF1T23100U1,10.8,0.0,0.0,0.0,0.0,0,0,DF059,095XF1800201C0,09CLF2800600NB,0JFJ4006F4,0KPAF1T23100U1,,, 4.2.16,,,,,,
6/14/2018,11:19:36.85 PM,0m 7.9s,7.9,0,0,0,0,0.3,0,0,0,0,0,0,0,0,0,1.2,0.4,156,156,Manual Takeoff,Other,Takeoff (RC Assisted),0,0,False,,Matrice 210,True,False,,Smart,RC,True,True,False,,,True,,False,False,False,False,False,False,False,False,False,True,0,Follow Yaw,0,0,155.9,155.9,False,False,False,False,False,False,,False,Normal,,,1024,1024,1024,1024,0,False,False,False,False,False,0,False,False,False,False,65,,,,23.68,False,3.948,3.947,3.948,3.953,3.951,3.933,0.02,False,False,,,,,0,0,0,0,0,0.0,2218.47,,Idle,0,20,False,10,True,,Go Home,,,,,,False,,,False,False,False,False,0,False,False,False,,,,,Calm,,, 4.2.16,DF059,095XF1800201C0,09CLF2800600NB,0JFJ4006F4,0KPAF1T23100U1,10.8,0.0,0.0,0.0,0.0,0,0,DF059,095XF1800201C0,09CLF2800600NB,0JFJ4006F4,0KPAF1T23100U1,,, 4.2.16,,,,,,
6/14/2018,11:19:36.95 PM,0m 8.0s,8.0,0,0,0,0,0.3,0,0,0,0,0,0,0,0,0,1.2,0.4,156,156,Manual Takeoff,Other,Takeoff (RC Assisted),0,0,False,,Matrice 210,True,False,,Smart,RC,True,True,False,,,True,,False,False,False,False,False,False,False,False,False,True,0,Follow Yaw,0,0,155.9,155.9,False,False,False,False,False,False,,False,Normal,,,1024,1024,1024,1024,0,False,False,False,False,False,0,False,False,False,False,65,,,,23.68,False,3.948,3.947,3.948,3.953,3.951,3.933,0.02,False,False,,,,,0,0,0,0,0,0.0,2218.47,,Idle,0,20,False,10,True,,Go Home,,,,,,False,,,False,False,False,False,0,False,False,False,,,,,Calm,,, 4.2.16,DF059,095XF1800201C0,09CLF2800600NB,0JFJ4006F4,0KPAF1T23100U1,10.8,0.0,0.0,0.0,0.0,0,0,DF059,095XF1800201C0,09CLF2800600NB,0JFJ4006F4,0KPAF1T23100U1,,, 4.2.16,,,,,,
6/14/2018,11:19:37.05 PM,0m 8.1s,8.1,0,0,0,0,0.3,0,0,0,0,0,0,0,0,0,1.2,0.4,156,156,Manual Takeoff,Other,Takeoff (RC Assisted),0,0,False,,Matrice 210,True,False,,Smart,RC,True,True,False,,,True,,False,False,False,False,False,False,False,False,False,True,0,Follow Yaw,0,0,155.9,155.9,False,False,False,False,False,False,,False,Normal,,,1024,1024,1024,1024,0,False,False,False,False,False,0,False,False,False,False,65,,,,23.68,False,3.948,3.947,3.948,3.953,3.951,3.933,0.02,False,False,,,,,0,0,0,0,0,0.0,2218.47,,Idle,0,20,False,10,True,,Go Home,,,,,,False,,,False,False,False,False,0,False,False,False,,,,,Calm,,, 4.2.16,DF059,095XF1800201C0,09CLF2800600NB,0JFJ4006F4,0KPAF1T23100U1,10.8,0.0,0.0,0.0,0.0,0,0,DF059,095XF1800201C0,09CLF2800600NB,0JFJ4006F4,0KPAF1T23100U1,,, 4.2.16,,,,,,
6/14/2018,11:19:37.15 PM,0m 8.2s,8.2,0,0,0,0,0.3,0,0,0,0,0,0,0,0,0,1.2,0.4,156,156,Manual Takeoff,Other,Takeoff (RC Assisted),0,0,False,,Matrice 210,True,False,,Smart,RC,True,True,False,,,True,,False,False,False,False,False,False,False,False,False,True,0,Follow Yaw,0,0,155.9,155.9,False,False,False,False,False,False,,False,Normal,,,1024,1024,1024,1024,0,False,False,False,False,False,0,False,False,False,False,65,,,,23.727,False,3.948,3.947,3.948,3.953,3.951,3.933,0.02,False,False,,,,,0,0,0,0,0,0.0,2200.12,,Idle,0,20,False,10,True,,Go Home,,,,,,False,,,False,False,False,False,0,False,False,False,,,,,Calm,,, 4.2.16,DF059,095XF1800201C0,09CLF2800600NB,0JFJ4006F4,0KPAF1T23100U1,10.8,0.0,0.0,0.0,0.0,0,0,DF059,095XF1800201C0,09CLF2800600NB,0JFJ4006F4,0KPAF1T23100U1,,, 4.2.16,,,,,,
6/14/2018,11:19:37.26 PM,0m 8.3s,8.3,0,0,0,0,0.3,0,0,0,0,0,0,0,0,0,1.2,0.4,156,156,Manual Takeoff,Other,Takeoff (RC Assisted),0,0,False,,Matrice 210,True,False,,Smart,RC,True,True,False,,,True,,False,False,False,False,False,False,False,False,False,True,0,Follow Yaw,0,0,155.9,155.9,False,False,False,False,False,False,,False,Normal,,,1024,1024,1024,1024,0,False,False,False,False,False,0,False,False,False,False,65,,,,23.727,False,3.948,3.947,3.948,3.953,3.951,3.933,0.02,False,False,,,,,0,0,0,0,0,0.0,2200.12,,Idle,0,20,False,10,True,,Go Home,,,,,,False,,,False,False,False,False,0,False,False,False,,,,,Calm,,, 4.2.16,DF059,095XF1800201C0,09CLF2800600NB,0JFJ4006F4,0KPAF1T23100U1,10.8,0.0,0.0,0.0,0.0,0,0,DF059,095XF1800201C0,09CLF2800600NB,0JFJ4006F4,0KPAF1T23100U1,,, 4.2.16,,,,,,
6/14/2018,11:19:37.36 PM,0m 8.4s,8.4,0,0,0,0,0.3,0,0,0,0,0,0,0,0,0,1.2,0.4,156,156,Manual Takeoff,Other,Takeoff (RC Assisted),0,0,False,,Matrice 210,True,False,,Smart,RC,True,True,False,,,True,,False,False,False,False,False,False,False,False,False,True,0,Follow Yaw,0,0,155.9,155.9,False,False,False,False,False,False,,False,Normal,,,1024,1024,1024,1024,0,False,False,False,False,False,0,False,False,False,False,65,,,,23.727,False,3.948,3.947,3.948,3.953,3.951,3.933,0.02,False,False,,,,,0,0,0,0,0,0.0,2200.12,,Idle,0,20,False,10,True,,Go Home,,,,,,False,,,False,False,False,False,0,False,False,False,,,,,Calm,,, 4.2.16,DF059,095XF1800201C0,09CLF2800600NB,0JFJ4006F4,0KPAF1T23100U1,10.8,0.0,0.0,0.0,0.0,0,0,DF059,095XF1800201C0,09CLF2800600NB,0JFJ4006F4,0KPAF1T23100U1,,, 4.2.16,,,,,,
6/14/2018,11:19:37.46 PM,0m 8.5s,8.5,0,0,0,0,0.3,0,0,0,0,0,0,0,0,0,1.2,0.4,156,156,Manual Takeoff,Other,Takeoff (RC Assisted),0,0,False,,Matrice 210,True,False,,Smart,RC,True,True,False,,,True,,False,False,False,False,False,False,False,False,False,True,0,Follow Yaw,0,0,155.9,155.9,False,False,False,False,False,False,,False,Normal,,,1024,1024,1024,1024,0,False,False,False,False,False,0,False,False,False,False,65,,,,23.727,False,3.948,3.947,3.948,3.953,3.951,3.933,0.02,False,False,,,,,0,0,0,0,0,0.0,2200.12,,Idle,0,20,False,10,True,,Go Home,,,,,,False,,,False,False,False,False,0,False,False,False,,,,,Calm,,, 4.2.16,DF059,095XF1800201C0,09CLF2800600NB,0JFJ4006F4,0KPAF1T23100U1,10.8,0.0,0.0,0.0,0.0,0,0,DF059,095XF1800201C0,09CLF2800600NB,0JFJ4006F4,0KPAF1T23100U1,,, 4.2.16,,,,,,
6/14/2018,11:19:37.56 PM,0m 8.6s,8.6,0,0,0,0,0.3,0,0,0,0,0,0,0,0,0,1.2,0.4,156,156,Manual Takeoff,Other,Takeoff (RC Assisted),0,0,False,,Matrice 210,True,False,,Smart,RC,True,True,False,,,True,,False,False,False,False,False,False,False,False,False,True,0,Follow Yaw,0,0,155.9,155.9,False,False,False,False,False,False,,False,Normal,,,1024,1024,1024,1024,0,False,False,False,False,False,0,False,False,False,False,65,,,,23.727,False,3.948,3.947,3.948,3.953,3.951,3.933,0.02,False,False,,,,,0,0,0,0,0,0.0,2200.12,,Idle,0,20,False,10,True,,Go Home,,,,,,False,,,False,False,False,False,0,False,False,False,,,,,Calm,,, 4.2.16,DF059,095XF1800201C0,09CLF2800600NB,0JFJ4006F4,0KPAF1T23100U1,10.8,0.0,0.0,0.0,0.0,0,0,DF059,095XF1800201C0,09CLF2800600NB,0JFJ4006F4,0KPAF1T23100U1,,, 4.2.16,,,,,,
6/14/2018,11:19:37.66 PM,0m 8.7s,8.7,0,0,0,0,0.3,0,0,0,0,0,0,0,0,0,1.2,0.4,156,156,Manual Takeoff,Other,Takeoff (RC Assisted),0,0,False,,Matrice 210,True,False,,Smart,RC,True,True,False,,,True,,False,False,False,False,False,False,False,False,False,True,0,Follow Yaw,0,0,155.9,155.9,False,False,False,False,False,False,,False,Normal,,,1024,1024,1024,1024,0,False,False,False,False,False,0,False,False,False,False,65,,,,23.698,False,3.951,3.951,3.952,3.956,3.952,3.936,0.02,False,False,,,,,0,0,0,0,0,0.0,2200.12,,Idle,0,20,False,10,True,,Go Home,,,,,,False,,,False,False,False,False,0,False,False,False,,,,,Calm,,, 4.2.16,DF059,095XF1800201C0,09CLF2800600NB,0JFJ4006F4,0KPAF1T23100U1,10.8,0.0,0.0,0.0,0.0,0,0,DF059,095XF1800201C0,09CLF2800600NB,0JFJ4006F4,0KPAF1T23100U1,,, 4.2.16,,,,,,
6/14/2018,11:19:37.68 PM,0m 8.8s,8.8,0,0,0,0,0.3,0,0,0,0,0,0,0,0,0,1.2,0.4,156,156,Manual Takeoff,Other,Takeoff (RC Assisted),0,0,False,,Matrice 210,True,False,,Smart,RC,True,True,False,,,True,,False,False,False,False,False,False,False,False,False,True,0,Follow Yaw,0,0,155.9,155.9,False,False,False,False,False,False,,False,Normal,,,1024,1024,1024,1024,0,False,False,False,False,False,0,False,False,False,False,65,,,,23.698,False,3.951,3.951,3.952,3.956,3.952,3.936,0.02,False,False,,,,,0,0,0,0,0,0.0,2200.12,,Idle,0,20,False,10,True,,Go Home,,,,,,False,,,False,False,False,False,0,False,False,False,,,,,Calm,,, 4.2.16,DF059,095XF1800201C0,09CLF2800600NB,0JFJ4006F4,0KPAF1T23100U1,10.8,0.0,0.0,0.0,0.0,0,0,DF059,095XF1800201C0,09CLF2800600NB,0JFJ4006F4,0KPAF1T23100U1,,, 4.2.16,,,,,,
6/14/2018,11:19:37.86 PM,0m 8.9s,8.9,0,0,0,0,0.3,0,0,0,0,0,0,0,0,0,1.2,0.4,156,156,Manual Takeoff,Other,Takeoff (RC Assisted),0,0,False,,Matrice 210,True,False,,Smart,RC,True,True,False,,,True,,False,False,False,False,False,False,False,False,False,True,0,Follow Yaw,0,0,155.9,155.9,False,False,False,False,False,False,,False,Normal,,,1024,1024,1024,1024,0,False,False,False,False,False,0,False,False,False,False,65,,,,23.698,False,3.951,3.951,3.952,3.956,3.952,3.936,0.02,False,False,,,,,0,0,0,0,0,0.0,2200.12,,Idle,0,20,False,10,True,,Go Home,,,,,,False,,,False,False,False,False,0,False,False,False,,,,,Calm,,, 4.2.16,DF059,095XF1800201C0,09CLF2800600NB,0JFJ4006F4,0KPAF1T23100U1,10.8,0.0,0.0,0.0,0.0,0,0,DF059,095XF1800201C0,09CLF2800600NB,0JFJ4006F4,0KPAF1T23100U1,,, 4.2.16,,,,,,
6/14/2018,11:19:37.88 PM,0m 9.0s,9.0,0,0,0,0,0.3,0,0,0,0,0,0,0,0,0,1.2,0.4,156,156,Manual Takeoff,Other,Takeoff (RC Assisted),0,0,False,,Matrice 210,True,False,,Smart,RC,True,True,False,,,True,,False,False,False,False,False,False,False,False,False,True,0,Follow Yaw,0,0,155.9,155.9,False,False,False,False,False,False,,False,Normal,,,1024,1024,1024,1024,0,False,False,False,False,False,0,False,False,False,False,65,,,,23.698,False,3.951,3.951,3.952,3.956,3.952,3.936,0.02,False,False,,,,,0,0,0,0,0,0.0,2200.12,,Idle,0,20,False,10,True,,Go Home,,,,,,False,,,False,False,False,False,0,False,False,False,,,,,Calm,,, 4.2.16,DF059,095XF1800201C0,09CLF2800600NB,0JFJ4006F4,0KPAF1T23100U1,10.8,0.0,0.0,0.0,0.0,0,0,DF059,095XF1800201C0,09CLF2800600NB,0JFJ4006F4,0KPAF1T23100U1,,, 4.2.16,,,,,,
6/14/2018,11:19:37.96 PM,0m 9.1s,9.1,0,0,0,0,0.3,0,0,0,0,0,0,0,0,0,1.2,0.4,156,156,Manual Takeoff,Other,Takeoff (RC Assisted),0,0,False,,Matrice 210,True,False,,Smart,RC,True,True,False,,,True,,False,False,False,False,False,False,False,False,False,True,0,Follow Yaw,0,0,155.9,155.9,False,False,False,False,False,False,,False,Normal,,,1024,1024,1024,1024,0,False,False,False,False,False,0,False,False,False,False,65,,,,23.698,False,3.951,3.951,3.952,3.956,3.952,3.936,0.02,False,False,,,,,0,0,0,0,0,0.0,2200.12,,Idle,0,20,False,10,True,,Go Home,,,,,,False,,,False,False,False,False,0,False,False,False,,,,,Calm,,, 4.2.16,DF059,095XF1800201C0,09CLF2800600NB,0JFJ4006F4,0KPAF1T23100U1,10.8,0.0,0.0,0.0,0.0,0,0,DF059,095XF1800201C0,09CLF2800600NB,0JFJ4006F4,0KPAF1T23100U1,,, 4.2.16,,,,,,
6/14/2018,11:19:38.06 PM,0m 9.2s,9.2,0,0,0,0,0.3,0,0,0,0,0,0,0,0,0,1.2,0.4,156,156,Manual Takeoff,Other,Takeoff (RC Assisted),0,0,False,,Matrice 210,True,False,,Smart,RC,True,True,False,,,True,,False,False,False,False,False,False,False,False,False,True,0,Follow Yaw,0,0,155.9,155.9,False,False,False,False,False,False,,False,Normal,,,1024,1024,1024,1024,0,False,False,False,False,False,0,False,False,False,False,65,,,,23.737,False,3.951,3.951,3.952,3.956,3.952,3.936,0.02,False,False,,,,,0,0,0,0,0,0.0,2155.05,,Idle,0,20,False,10,True,,Go Home,,,,,,False,,,False,False,False,False,0,False,False,False,,,,,Calm,,, 4.2.16,DF059,095XF1800201C0,09CLF2800600NB,0JFJ4006F4,0KPAF1T23100U1,10.8,0.0,0.0,0.0,0.0,0,0,DF059,095XF1800201C0,09CLF2800600NB,0JFJ4006F4,0KPAF1T23100U1,,, 4.2.16,,,,,,
6/14/2018,11:19:38.17 PM,0m 9.3s,9.3,0,0,0,0,0.3,0,0,0,0,0,0,0,0,0,1.2,0.4,156,156,Manual Takeoff,Other,Takeoff (RC Assisted),0,0,False,,Matrice 210,True,False,,Smart,RC,True,True,False,,,True,,False,False,False,False,False,False,False,False,False,True,0,Follow Yaw,0,0,155.9,155.9,False,False,False,False,False,False,,False,Normal,,,1024,1024,1024,1024,0,False,False,False,False,False,0,False,False,False,False,65,,,,23.737,False,3.951,3.951,3.952,3.956,3.952,3.936,0.02,False,False,,,,,0,0,0,0,0,0.0,2155.05,,Idle,0,20,False,10,True,,Go Home,,,,,,False,,,False,False,False,False,0,False,False,False,,,,,Calm,,, 4.2.16,DF059,095XF1800201C0,09CLF2800600NB,0JFJ4006F4,0KPAF1T23100U1,10.8,0.0,0.0,0.0,0.0,0,0,DF059,095XF1800201C0,09CLF2800600NB,0JFJ4006F4,0KPAF1T23100U1,,, 4.2.16,,,,,,
6/14/2018,11:19:38.27 PM,0m 9.4s,9.4,0,0,0,0,0.3,0,0,0,0,0,0,0,0,0,1.2,0.4,156,156,Manual Takeoff,Other,Takeoff (RC Assisted),0,0,False,,Matrice 210,True,False,,Smart,RC,True,True,False,,,True,,False,False,False,False,False,False,False,False,False,True,0,Follow Yaw,0,0,155.9,155.9,False,False,False,False,False,False,,False,Normal,,,1024,1024,1024,1024,0,False,False,False,False,False,0,False,False,False,False,65,,,,23.737,False,3.951,3.951,3.952,3.956,3.952,3.936,0.02,False,False,,,,,0,0,0,0,0,0.0,2155.05,,Idle,0,20,False,10,True,,Go Home,,,,,,False,,,False,False,False,False,0,False,False,False,,,,,Calm,,, 4.2.16,DF059,095XF1800201C0,09CLF2800600NB,0JFJ4006F4,0KPAF1T23100U1,10.8,0.0,0.0,0.0,0.0,0,0,DF059,095XF1800201C0,09CLF2800600NB,0JFJ4006F4,0KPAF1T23100U1,,, 4.2.16,,,,,,
6/14/2018,11:19:38.37 PM,0m 9.5s,9.5,0,0,0,0,0.3,0,0,0,0,0,0,0,0,0,1.2,0.4,156,156,Manual Takeoff,Other,Takeoff (RC Assisted),0,0,False,,Matrice 210,True,False,,Smart,RC,True,True,False,,,True,,False,False,False,False,False,False,False,False,False,True,0,Follow Yaw,0,0,155.9,155.9,False,False,False,False,False,False,,False,Normal,,,1024,1024,1024,1024,0,False,False,False,False,False,0,False,False,False,False,65,,,,23.737,False,3.951,3.951,3.952,3.956,3.952,3.936,0.02,False,False,,,,,0,0,0,0,0,0.0,2155.05,,Idle,0,20,False,10,True,,Go Home,,,,,,False,,,False,False,False,False,0,False,False,False,,,,,Calm,,, 4.2.16,DF059,095XF1800201C0,09CLF2800600NB,0JFJ4006F4,0KPAF1T23100U1,10.8,0.0,0.0,0.0,0.0,0,0,DF059,095XF1800201C0,09CLF2800600NB,0JFJ4006F4,0KPAF1T23100U1,,, 4.2.16,,,,,,
6/14/2018,11:19:38.47 PM,0m 9.6s,9.6,0,0,0,0,0.3,0,0,0,0,0,0,0,0,0,1.2,0.4,156,156,Manual Takeoff,Other,Takeoff (RC Assisted),0,0,False,,Matrice 210,True,False,,Smart,RC,True,True,False,,,True,,False,False,False,False,False,False,False,False,False,True,0,Follow Yaw,0,0,155.9,155.9,False,False,False,False,False,False,,False,Normal,,,1024,1024,1024,1024,0,False,False,False,False,False,0,False,False,False,False,65,,,,23.737,False,3.951,3.951,3.952,3.956,3.952,3.936,0.02,False,False,,,,,0,0,0,0,0,0.0,2155.05,,Idle,0,20,False,10,True,,Go Home,,,,,,False,,,False,False,False,False,0,False,False,False,,,,,Calm,,, 4.2.16,DF059,095XF1800201C0,09CLF2800600NB,0JFJ4006F4,0KPAF1T23100U1,10.8,0.0,0.0,0.0,0.0,0,0,DF059,095XF1800201C0,09CLF2800600NB,0JFJ4006F4,0KPAF1T23100U1,,, 4.2.16,,,,,,
6/14/2018,11:19:38.57 PM,0m 9.7s,9.7,0,0,0,0,0.3,0,0,0,0,0,0,0,0,0,1.2,0.4,156,156,Manual Takeoff,Other,Takeoff (RC Assisted),0,0,False,,Matrice 210,True,False,,Smart,RC,True,True,False,,,True,,False,False,False,False,False,False,False,False,False,True,0,Follow Yaw,0,0,155.9,155.9,False,False,False,False,False,False,,False,Normal,,,1024,1024,1024,1024,0,False,False,False,False,False,0,False,False,False,False,65,,,,23.696,False,3.951,3.951,3.952,3.956,3.952,3.934,0.022,False,False,,,,,0,0,0,0,0,0.0,2155.05,,Idle,0,20,False,10,True,,Go Home,,,,,,False,,,False,False,False,False,0,False,False,False,,,,,Calm,,, 4.2.16,DF059,095XF1800201C0,09CLF2800600NB,0JFJ4006F4,0KPAF1T23100U1,10.8,0.0,0.0,0.0,0.0,0,0,DF059,095XF1800201C0,09CLF2800600NB,0JFJ4006F4,0KPAF1T23100U1,,, 4.2.16,,,,,,
6/14/2018,11:19:38.67 PM,0m 9.8s,9.8,0,0,0,0,0.3,0,0,0,0,0,0,0,0,0,1.2,0.4,156,156,Manual Takeoff,Other,Takeoff (RC Assisted),0,0,False,,Matrice 210,True,False,,Smart,RC,True,True,False,,,True,,False,False,False,False,False,False,False,False,False,True,0,Follow Yaw,0,0,155.9,155.9,False,False,False,False,False,False,,False,Normal,,,1024,1024,1024,1024,0,False,False,False,False,False,0,False,False,False,False,65,,,,23.696,False,3.951,3.951,3.952,3.956,3.952,3.934,0.022,False,False,,,,,0,0,0,0,0,0.0,2155.05,,Idle,0,20,False,10,True,,Go Home,,,,,,False,,,False,False,False,False,0,False,False,False,,,,,Calm,,, 4.2.16,DF059,095XF1800201C0,09CLF2800600NB,0JFJ4006F4,0KPAF1T23100U1,10.8,0.0,0.0,0.0,0.0,0,0,DF059,095XF1800201C0,09CLF2800600NB,0JFJ4006F4,0KPAF1T23100U1,,, 4.2.16,,,,,,
6/14/2018,11:19:38.77 PM,0m 9.9s,9.9,0,0,0,0,0.3,0,0,0,0,0,0,0,0,0,1.2,0.4,156,156,Manual Takeoff,Other,Takeoff (RC Assisted),0,0,False,,Matrice 210,True,False,,Smart,RC,True,True,False,,,True,,False,False,False,False,False,False,False,False,False,True,0,Follow Yaw,0,0,155.9,155.9,False,False,False,False,False,False,,False,Normal,,,1024,1024,1024,1024,0,False,False,False,False,False,0,False,False,False,False,65,,,,23.696,False,3.951,3.951,3.952,3.956,3.952,3.934,0.022,False,False,,,,,0,0,0,0,0,0.0,2155.05,,Idle,0,20,False,10,True,,Go Home,,,,,,False,,,False,False,False,False,0,False,False,False,,,,,Calm,,, 4.2.16,DF059,095XF1800201C0,09CLF2800600NB,0JFJ4006F4,0KPAF1T23100U1,10.8,0.0,0.0,0.0,0.0,0,0,DF059,095XF1800201C0,09CLF2800600NB,0JFJ4006F4,0KPAF1T23100U1,,, 4.2.16,,,,,,
6/14/2018,11:19:38.87 PM,0m 10.0s,10.0,0,0,0,0,0.3,0,0,0,0,0,0,0,0,0,1.1,0.4,156.1,156.1,Manual Takeoff,Other,Takeoff (RC Assisted),0,0,False,,Matrice 210,True,False,,Smart,RC,True,True,False,,,True,,False,False,False,False,False,False,False,False,False,True,0,Follow Yaw,0,0,155.9,155.9,False,False,False,False,False,False,,False,Normal,,,1024,1024,1024,1024,0,False,False,False,False,False,0,False,False,False,False,65,,,,23.696,False,3.951,3.951,3.952,3.956,3.952,3.934,0.022,False,False,,,,,0,0,0,0,0,0.0,2155.05,,Idle,0,20,False,10,True,,Go Home,,,,,,False,,,False,False,False,False,0,False,False,False,,,,,Calm,,, 4.2.16,DF059,095XF1800201C0,09CLF2800600NB,0JFJ4006F4,0KPAF1T23100U1,10.8,0.0,0.0,0.0,0.0,0,0,DF059,095XF1800201C0,09CLF2800600NB,0JFJ4006F4,0KPAF1T23100U1,,, 4.2.16,,,,,,
6/14/2018,11:19:38.98 PM,0m 10.1s,10.1,0,0,0,0,0.3,0,0,0,0,0,0,0,0,0,1.1,0.4,156.1,156.1,Manual Takeoff,Other,Takeoff (RC Assisted),0,0,False,,Matrice 210,True,False,,Smart,RC,True,True,False,,,True,,False,False,False,False,False,False,False,False,False,True,0,Follow Yaw,0,0,155.9,155.9,False,False,False,False,False,False,,False,Normal,,,1024,1024,1024,1024,0,False,False,False,False,False,0,False,False,False,False,65,,,,23.696,False,3.951,3.951,3.952,3.956,3.952,3.934,0.022,False,False,,,,,0,0,0,0,0,0.0,2155.05,,Idle,0,20,False,10,True,,Go Home,,,,,,False,,,False,False,False,False,0,False,False,False,,,,,Calm,,, 4.2.16,DF059,095XF1800201C0,09CLF2800600NB,0JFJ4006F4,0KPAF1T23100U1,10.8,0.0,0.0,0.0,0.0,0,0,DF059,095XF1800201C0,09CLF2800600NB,0JFJ4006F4,0KPAF1T23100U1,,, 4.2.16,,,,,,
6/14/2018,11:19:39.08 PM,0m 10.2s,10.2,0,0,0,0,0.3,0,0,0,0,0,0,0,0,0,1.2,0.4,156.1,156.1,Manual Takeoff,Other,Takeoff (RC Assisted),0,0,False,,Matrice 210,True,False,,Smart,RC,True,True,False,,,True,,False,False,False,False,False,False,False,False,False,True,0,Follow Yaw,0,0,155.9,155.9,False,False,False,False,False,False,,False,Normal,,,1024,1024,1024,1024,0,False,False,False,False,False,0,False,False,False,False,65,,,,23.731,False,3.951,3.951,3.952,3.956,3.952,3.934,0.022,False,False,,,,,0,0,0,0,0,0.0,2109.03,,Idle,0,20,False,10,True,,Go Home,,,,,,False,,,False,False,False,False,0,False,False,False,,,,,Calm,,, 4.2.16,DF059,095XF1800201C0,09CLF2800600NB,0JFJ4006F4,0KPAF1T23100U1,10.8,0.0,0.0,0.0,0.0,0,0,DF059,095XF1800201C0,09CLF2800600NB,0JFJ4006F4,0KPAF1T23100U1,,, 4.2.16,,,,,,
6/14/2018,11:19:39.18 PM,0m 10.3s,10.3,0,0,0,0,0.3,0,0,0,0,0,0,0,0,0,1.2,0.4,156,156,Manual Takeoff,Other,Takeoff (RC Assisted),0,0,False,,Matrice 210,True,False,,Smart,RC,True,True,False,,,True,,False,False,False,False,False,False,False,False,False,True,0,Follow Yaw,0,0,155.9,155.9,False,False,False,False,False,False,,False,Normal,,,1024,1024,1024,1024,0,False,False,False,False,False,0,False,False,False,False,65,,,,23.731,False,3.951,3.951,3.952,3.956,3.952,3.934,0.022,False,False,,,,,0,0,0,0,0,0.0,2109.03,,Idle,0,20,False,10,True,,Go Home,,,,,,False,,,False,False,False,False,0,False,False,False,,,,,Calm,,, 4.2.16,DF059,095XF1800201C0,09CLF2800600NB,0JFJ4006F4,0KPAF1T23100U1,10.8,0.0,0.0,0.0,0.0,0,0,DF059,095XF1800201C0,09CLF2800600NB,0JFJ4006F4,0KPAF1T23100U1,,, 4.2.16,,,,,,
6/14/2018,11:19:39.28 PM,0m 10.4s,10.4,0,0,0,0,0.3,0,0,0,0,0,0,0,0,0,1.1,0.4,156.1,156.1,Manual Takeoff,Other,Takeoff (RC Assisted),0,0,False,,Matrice 210,True,False,,Smart,RC,True,True,False,,,True,,False,False,False,False,False,False,False,False,False,True,0,Follow Yaw,0,0,155.9,155.9,False,False,False,False,False,False,,False,Normal,,,1024,1024,1024,1024,0,False,False,False,False,False,0,False,False,False,False,65,,,,23.731,False,3.951,3.951,3.952,3.956,3.952,3.934,0.022,False,False,,,,,0,0,0,0,0,0.0,2109.03,,Idle,0,20,False,10,True,,Go Home,,,,,,False,,,False,False,False,False,0,False,False,False,,,,,Calm,,, 4.2.16,DF059,095XF1800201C0,09CLF2800600NB,0JFJ4006F4,0KPAF1T23100U1,10.8,0.0,0.0,0.0,0.0,0,0,DF059,095XF1800201C0,09CLF2800600NB,0JFJ4006F4,0KPAF1T23100U1,,, 4.2.16,,,,,,
6/14/2018,11:19:39.38 PM,0m 10.5s,10.5,0,0,0,0,0.3,0,0,0,0,0,0,0,0,0,1.2,0.3,156,156,Manual Takeoff,Other,Takeoff (RC Assisted),0,0,False,,Matrice 210,True,False,,Smart,RC,True,True,False,,,True,,False,False,False,False,False,False,False,False,False,True,0,Follow Yaw,0,0,155.9,155.9,False,False,False,False,False,False,,False,Normal,,,1024,1024,1024,1024,0,False,False,False,False,False,0,False,False,False,False,65,,,,23.731,False,3.951,3.951,3.952,3.956,3.952,3.934,0.022,False,False,,,,,0,0,0,0,0,0.0,2109.03,,Idle,0,20,False,10,True,,Go Home,,,,,,False,,,False,False,False,False,0,False,False,False,,,,,Calm,,, 4.2.16,DF059,095XF1800201C0,09CLF2800600NB,0JFJ4006F4,0KPAF1T23100U1,10.8,0.0,0.0,0.0,0.0,0,0,DF059,095XF1800201C0,09CLF2800600NB,0JFJ4006F4,0KPAF1T23100U1,,, 4.2.16,,,,,,
6/14/2018,11:19:39.48 PM,0m 10.6s,10.6,0,0,0,0,0.3,0,0,0,0,0,0,0,0,0,1.2,0.4,156.1,156.1,Manual Takeoff,Other,Takeoff (RC Assisted),0,0,False,,Matrice 210,True,False,,Smart,RC,True,True,False,,,True,,False,False,False,False,False,False,False,False,False,True,0,Follow Yaw,0,0,155.9,155.9,False,False,False,False,False,False,,False,Normal,,,1024,1024,1024,1024,0,False,False,False,False,False,0,False,False,False,False,65,,,,23.731,False,3.951,3.951,3.952,3.956,3.952,3.934,0.022,False,False,,,,,0,0,0,0,0,0.0,2109.03,,Idle,0,20,False,10,True,,Go Home,,,,,,False,,,False,False,False,False,0,False,False,False,,,,,Calm,,, 4.2.16,DF059,095XF1800201C0,09CLF2800600NB,0JFJ4006F4,0KPAF1T23100U1,10.8,0.0,0.0,0.0,0.0,0,0,DF059,095XF1800201C0,09CLF2800600NB,0JFJ4006F4,0KPAF1T23100U1,,, 4.2.16,,,,,,
6/14/2018,11:19:39.58 PM,0m 10.7s,10.7,0,0,0,0,0.3,0,0,0,0,0,0,0,0,0,1.2,0.3,156.1,156.1,Manual Takeoff,Other,Takeoff (RC Assisted),0,0,False,,Matrice 210,True,False,,Smart,RC,True,True,False,,,True,,False,False,False,False,False,False,False,False,False,True,0,Follow Yaw,0,0,155.9,155.9,False,False,False,False,False,False,,False,Normal,,,1024,1024,1024,1024,0,False,False,False,False,False,0,False,False,False,False,65,,,,23.694,False,3.95,3.951,3.952,3.955,3.952,3.934,0.022,False,False,,,,,0,0,0,0,0,0.0,2109.03,,Idle,0,20,False,10,True,,Go Home,,,,,,False,,,False,False,False,False,0,False,False,False,,,,,Calm,,, 4.2.16,DF059,095XF1800201C0,09CLF2800600NB,0JFJ4006F4,0KPAF1T23100U1,10.8,0.0,0.0,0.0,0.0,0,0,DF059,095XF1800201C0,09CLF2800600NB,0JFJ4006F4,0KPAF1T23100U1,,, 4.2.16,,,,,,
6/14/2018,11:19:39.68 PM,0m 10.8s,10.8,0,0,0,0,0.3,0,0,0,0,0,0,0,0,0,1.2,0.3,156.1,156.1,Manual Takeoff,Other,Takeoff (RC Assisted),0,0,False,,Matrice 210,True,False,,Smart,RC,True,True,False,,,True,,False,False,False,False,False,False,False,False,False,True,0,Follow Yaw,0,0,155.9,155.9,False,False,False,False,False,False,,False,Normal,,,1024,1024,1024,1024,0,False,False,False,False,False,0,False,False,False,False,65,,,,23.694,False,3.95,3.951,3.952,3.955,3.952,3.934,0.022,False,False,,,,,0,0,0,0,0,0.0,2109.03,,Idle,0,20,False,10,True,,Go Home,,,,,,False,,,False,False,False,False,0,False,False,False,,,,,Calm,,, 4.2.16,DF059,095XF1800201C0,09CLF2800600NB,0JFJ4006F4,0KPAF1T23100U1,10.8,0.0,0.0,0.0,0.0,0,0,DF059,095XF1800201C0,09CLF2800600NB,0JFJ4006F4,0KPAF1T23100U1,,, 4.2.16,,,,,,
6/14/2018,11:19:39.79 PM,0m 10.9s,10.9,0,0,0,0,0.3,0,0,0,0,0,0,0,0,0,1.2,0.4,156.1,156.1,Manual Takeoff,Other,Takeoff (RC Assisted),0,0,False,,Matrice 210,True,False,,Smart,RC,True,True,False,,,True,,False,False,False,False,False,False,False,False,False,True,0,Follow Yaw,0,0,155.9,155.9,False,False,False,False,False,False,,False,Normal,,,1024,1024,1024,1024,0,False,False,False,False,False,0,False,False,False,False,65,,,,23.694,False,3.95,3.951,3.952,3.955,3.952,3.934,0.022,False,False,,,,,0,0,0,0,0,0.0,2109.03,,Idle,0,20,False,10,True,,Go Home,,,,,,False,,,False,False,False,False,0,False,False,False,,,,,Calm,,, 4.2.16,DF059,095XF1800201C0,09CLF2800600NB,0JFJ4006F4,0KPAF1T23100U1,10.8,0.0,0.0,0.0,0.0,0,0,DF059,095XF1800201C0,09CLF2800600NB,0JFJ4006F4,0KPAF1T23100U1,,, 4.2.16,,,,,,
6/14/2018,11:19:39.89 PM,0m 11.0s,11.0,0,0,0,0,0.3,0,0,0,0,0,0,0,0,0,1.2,0.3,156.1,156.1,Manual Takeoff,Other,Takeoff (RC Assisted),0,0,False,,Matrice 210,True,False,,Smart,RC,True,True,False,,,True,,False,False,False,False,False,False,False,False,False,True,0,Follow Yaw,0,0,155.9,155.9,False,False,False,False,False,False,,False,Normal,,,1024,1024,1024,1024,0,False,False,False,False,False,0,False,False,False,False,65,,,,23.694,False,3.95,3.951,3.952,3.955,3.952,3.934,0.022,False,False,,,,,0,0,0,0,0,0.0,2109.03,,Idle,0,20,False,10,True,,Go Home,,,,,,False,,,False,False,False,False,0,False,False,False,,,,,Calm,,, 4.2.16,DF059,095XF1800201C0,09CLF2800600NB,0JFJ4006F4,0KPAF1T23100U1,10.8,0.0,0.0,0.0,0.0,0,0,DF059,095XF1800201C0,09CLF2800600NB,0JFJ4006F4,0KPAF1T23100U1,,, 4.2.16,,,,,,
6/14/2018,11:19:39.99 PM,0m 11.1s,11.1,0,0,0,0,0.3,0,0,0,0,0,0,0,0,0,1.2,0.3,156.1,156.1,Manual Takeoff,Other,Takeoff (RC Assisted),0,0,False,,Matrice 210,True,False,,Smart,RC,True,True,False,,,True,,False,False,False,False,False,False,False,False,False,True,0,Follow Yaw,0,0,155.9,155.9,False,False,False,False,False,False,,False,Normal,,,1024,1024,1024,1024,0,False,False,False,False,False,0,False,False,False,False,65,,,,23.694,False,3.95,3.951,3.952,3.955,3.952,3.934,0.022,False,False,,,,,0,0,0,0,0,0.0,2109.03,,Idle,0,20,False,10,True,,Go Home,,,,,,False,,,False,False,False,False,0,False,False,False,,,,,Calm,,, 4.2.16,DF059,095XF1800201C0,09CLF2800600NB,0JFJ4006F4,0KPAF1T23100U1,10.8,0.0,0.0,0.0,0.0,0,0,DF059,095XF1800201C0,09CLF2800600NB,0JFJ4006F4,0KPAF1T23100U1,,, 4.2.16,,,,,,
6/14/2018,11:19:40.09 PM,0m 11.2s,11.2,0,0,0,0,0.3,0,0,0,0,0,0,0,0,0,1.2,0.3,156,156,Manual Takeoff,Other,Takeoff (RC Assisted),0,0,False,,Matrice 210,True,False,,Smart,RC,True,True,False,,,True,,False,False,False,False,False,False,False,False,False,True,0,Follow Yaw,0,0,155.9,155.9,False,False,False,False,False,False,,False,Normal,,,1024,1024,1024,1024,0,False,False,False,False,False,0,False,False,False,False,65,,,,23.734,False,3.95,3.951,3.952,3.955,3.952,3.934,0.022,False,False,,,,,0,0,0,0,0,0.0,2089.79,,Idle,0,20,False,10,True,,Go Home,,,,,,False,,,False,False,False,False,0,False,False,False,,,,,Calm,,, 4.2.16,DF059,095XF1800201C0,09CLF2800600NB,0JFJ4006F4,0KPAF1T23100U1,10.8,0.0,0.0,0.0,0.0,0,0,DF059,095XF1800201C0,09CLF2800600NB,0JFJ4006F4,0KPAF1T23100U1,,, 4.2.16,,,,,,
6/14/2018,11:19:40.19 PM,0m 11.3s,11.3,0,0,0,0,0.3,0,0,0,0,0,0,0,0,0,1.2,0.4,156,156,Manual Takeoff,Other,Takeoff (RC Assisted),0,0,False,,Matrice 210,True,False,,Smart,RC,True,True,False,,,True,,False,False,False,False,False,False,False,False,False,True,0,Follow Yaw,0,0,155.9,155.9,False,False,False,False,False,False,,False,Normal,,,1024,1024,1024,1024,0,False,False,False,False,False,0,False,False,False,False,65,,,,23.734,False,3.95,3.951,3.952,3.955,3.952,3.934,0.022,False,False,,,,,0,0,0,0,0,0.0,2089.79,,Idle,0,20,False,10,True,,Go Home,,,,,,False,,,False,False,False,False,0,False,False,False,,,,,Calm,,, 4.2.16,DF059,095XF1800201C0,09CLF2800600NB,0JFJ4006F4,0KPAF1T23100U1,10.8,0.0,0.0,0.0,0.0,0,0,DF059,095XF1800201C0,09CLF2800600NB,0JFJ4006F4,0KPAF1T23100U1,,, 4.2.16,,,,,,
6/14/2018,11:19:40.29 PM,0m 11.4s,11.4,0,0,0,0,0.3,0,0,0,0,0,0,0,0,0,1.2,0.3,156,156,Manual Takeoff,Other,Takeoff (RC Assisted),0,0,False,,Matrice 210,True,False,,Smart,RC,True,True,False,,,True,,False,False,False,False,False,False,False,False,False,True,0,Follow Yaw,0,0,155.9,155.9,False,False,False,False,False,False,,False,Normal,,,1024,1024,1024,1024,0,False,False,False,False,False,0,False,False,False,False,65,,,,23.734,False,3.95,3.951,3.952,3.955,3.952,3.934,0.022,False,False,,,,,0,0,0,0,0,0.0,2089.79,,Idle,0,20,False,10,True,,Go Home,,,,,,False,,,False,False,False,False,0,False,False,False,,,,,Calm,,, 4.2.16,DF059,095XF1800201C0,09CLF2800600NB,0JFJ4006F4,0KPAF1T23100U1,10.8,0.0,0.0,0.0,0.0,0,0,DF059,095XF1800201C0,09CLF2800600NB,0JFJ4006F4,0KPAF1T23100U1,,, 4.2.16,,,,,,
6/14/2018,11:19:40.39 PM,0m 11.5s,11.5,0,0,0,0,0.3,0,0,0,0,0,0,0,0,0,1.2,0.4,156,156,Manual Takeoff,Other,Takeoff (RC Assisted),0,0,False,,Matrice 210,True,False,,Smart,RC,True,True,False,,,True,,False,False,False,False,False,False,False,False,False,True,0,Follow Yaw,0,0,155.9,155.9,False,False,False,False,False,False,,False,Normal,,,1024,1024,1024,1024,0,False,False,False,False,False,0,False,False,False,False,65,,,,23.734,False,3.95,3.951,3.952,3.955,3.952,3.934,0.022,False,False,,,,,0,0,0,0,0,0.0,2089.79,,Idle,0,20,False,10,True,,Go Home,,,,,,False,,,False,False,False,False,0,False,False,False,,,,,Calm,,, 4.2.16,DF059,095XF1800201C0,09CLF2800600NB,0JFJ4006F4,0KPAF1T23100U1,10.8,0.0,0.0,0.0,0.0,0,0,DF059,095XF1800201C0,09CLF2800600NB,0JFJ4006F4,0KPAF1T23100U1,,, 4.2.16,,,,,,
6/14/2018,11:19:40.50 PM,0m 11.6s,11.6,0,0,0,0,0.3,0,0,0,0,0,0,0,0,0,1.2,0.4,156,156,Manual Takeoff,Other,Takeoff (RC Assisted),0,0,False,,Matrice 210,True,False,,Smart,RC,True,True,False,,,True,,False,False,False,False,False,False,False,False,False,True,0,Follow Yaw,0,0,155.9,155.9,False,False,False,False,False,False,,False,Normal,,,1024,1024,1024,1024,0,False,False,False,False,False,0,False,False,False,False,65,,,,23.734,False,3.95,3.951,3.952,3.955,3.952,3.934,0.022,False,False,,,,,0,0,0,0,0,0.0,2089.79,,Idle,0,20,False,10,True,,Go Home,,,,,,False,,,False,False,False,False,0,False,False,False,,,,,Calm,,, 4.2.16,DF059,095XF1800201C0,09CLF2800600NB,0JFJ4006F4,0KPAF1T23100U1,10.8,0.0,0.0,0.0,0.0,0,0,DF059,095XF1800201C0,09CLF2800600NB,0JFJ4006F4,0KPAF1T23100U1,,, 4.2.16,,,,,,
6/14/2018,11:19:40.60 PM,0m 11.7s,11.7,0,0,0,0,0.3,0,0,0,0,0,0,0,0,0,1.2,0.4,156,156,Manual Takeoff,Other,Takeoff (RC Assisted),0,0,False,,Matrice 210,True,False,,Smart,RC,True,True,False,,,True,,False,False,False,False,False,False,False,False,False,True,0,Follow Yaw,0,0,155.9,155.9,False,False,False,False,False,False,,False,Normal,,,1024,1024,1024,1024,0,False,False,False,False,False,0,False,False,False,False,65,,,,23.697,False,3.95,3.951,3.952,3.956,3.952,3.936,0.022,False,False,,,,,0,0,0,0,0,0.0,2089.79,,Idle,0,20,False,10,True,,Go Home,,,,,,False,,,False,False,False,False,0,False,False,False,,,,,Calm,,, 4.2.16,DF059,095XF1800201C0,09CLF2800600NB,0JFJ4006F4,0KPAF1T23100U1,10.8,0.0,0.0,0.0,0.0,0,0,DF059,095XF1800201C0,09CLF2800600NB,0JFJ4006F4,0KPAF1T23100U1,,, 4.2.16,,,,,,
6/14/2018,11:19:40.70 PM,0m 11.8s,11.8,0,0,0,0,0.3,0,0,0,0,0,0,0,0,0,1.2,0.4,156,156,Manual Takeoff,Other,Takeoff (RC Assisted),0,0,False,,Matrice 210,True,False,,Smart,RC,True,True,False,,,True,,False,False,False,False,False,False,False,False,False,True,0,Follow Yaw,0,0,155.9,155.9,False,False,False,False,False,False,,False,Normal,,,1024,1024,1024,1024,0,False,False,False,False,False,0,False,False,False,False,65,,,,23.697,False,3.95,3.951,3.952,3.956,3.952,3.936,0.022,False,False,,,,,0,0,0,0,0,0.0,2089.79,,Idle,0,20,False,10,True,,Go Home,,,,,,False,,,False,False,False,False,0,False,False,False,,,,,Calm,,, 4.2.16,DF059,095XF1800201C0,09CLF2800600NB,0JFJ4006F4,0KPAF1T23100U1,10.8,0.0,0.0,0.0,0.0,0,0,DF059,095XF1800201C0,09CLF2800600NB,0JFJ4006F4,0KPAF1T23100U1,,, 4.2.16,,,,,,
6/14/2018,11:19:40.80 PM,0m 11.9s,11.9,0,0,0,0,0.3,0,0,0,0,0,0,0,0,0,1.2,0.4,156,156,Manual Takeoff,Other,Takeoff (RC Assisted),0,0,False,,Matrice 210,True,False,,Smart,RC,True,True,False,,,True,,False,False,False,False,False,False,False,False,False,True,0,Follow Yaw,0,0,155.9,155.9,False,False,False,False,False,False,,False,Normal,,,1024,1024,1024,1024,0,False,False,False,False,False,0,False,False,False,False,65,,,,23.697,False,3.95,3.951,3.952,3.956,3.952,3.936,0.022,False,False,,,,,0,0,0,0,0,0.0,2089.79,,Idle,0,20,False,10,True,,Go Home,,,,,,False,,,False,False,False,False,0,False,False,False,,,,,Calm,,, 4.2.16,DF059,095XF1800201C0,09CLF2800600NB,0JFJ4006F4,0KPAF1T23100U1,10.8,0.0,0.0,0.0,0.0,0,0,DF059,095XF1800201C0,09CLF2800600NB,0JFJ4006F4,0KPAF1T23100U1,,, 4.2.16,,,,,,
6/14/2018,11:19:40.90 PM,0m 12.0s,12.0,0,0,0,0,0.3,0,0,0,0,0,0,0,0,0,1.2,0.4,156,156,Manual Takeoff,Other,Takeoff (RC Assisted),0,0,False,,Matrice 210,True,False,,Smart,RC,True,True,False,,,True,,False,False,False,False,False,False,False,False,False,True,0,Follow Yaw,0,0,155.9,155.9,False,False,False,False,False,False,,False,Normal,,,1024,1024,1024,1024,0,False,False,False,False,False,0,False,False,False,False,65,,,,23.697,False,3.95,3.951,3.952,3.956,3.952,3.936,0.022,False,False,,,,,0,0,0,0,0,0.0,2089.79,,Idle,0,20,False,10,True,,Go Home,,,,,,False,,,False,False,False,False,0,False,False,False,,,,,Calm,,, 4.2.16,DF059,095XF1800201C0,09CLF2800600NB,0JFJ4006F4,0KPAF1T23100U1,10.8,0.0,0.0,0.0,0.0,0,0,DF059,095XF1800201C0,09CLF2800600NB,0JFJ4006F4,0KPAF1T23100U1,,, 4.2.16,,,,,,
6/14/2018,11:19:41.00 PM,0m 12.1s,12.1,0,0,0,0,0.3,0,0,0,0,0,0,0,0,0,1.2,0.4,156,156,Manual Takeoff,Other,Takeoff (RC Assisted),0,0,False,,Matrice 210,True,False,,Smart,RC,True,True,False,,,True,,False,False,False,False,False,False,False,False,False,True,0,Follow Yaw,0,0,155.9,155.9,False,False,False,False,False,False,,False,Normal,,,1024,1024,1024,1024,0,False,False,False,False,False,0,False,False,False,False,65,,,,23.697,False,3.95,3.951,3.952,3.956,3.952,3.936,0.022,False,False,,,,,0,0,0,0,0,0.0,2089.79,,Idle,0,20,False,10,True,,Go Home,,,,,,False,,,False,False,False,False,0,False,False,False,,,,,Calm,,, 4.2.16,DF059,095XF1800201C0,09CLF2800600NB,0JFJ4006F4,0KPAF1T23100U1,10.8,0.0,0.0,0.0,0.0,0,0,DF059,095XF1800201C0,09CLF2800600NB,0JFJ4006F4,0KPAF1T23100U1,,, 4.2.16,,,,,,
6/14/2018,11:19:41.10 PM,0m 12.2s,12.2,0,0,0,0,0.3,0,0,0,0,0,0,0,0,0,1.2,0.4,156,156,Manual Takeoff,Other,Takeoff (RC Assisted),0,0,False,,Matrice 210,True,False,,Smart,RC,True,True,False,,,True,,False,False,False,False,False,False,False,False,False,True,0,Follow Yaw,0,0,155.9,155.9,False,False,False,False,False,False,,False,Normal,,,1024,1024,1024,1024,0,False,False,False,False,False,0,False,False,False,False,65,,,,23.727,False,3.95,3.951,3.952,3.956,3.952,3.936,0.022,False,False,,,,,0,0,0,0,0,0.0,2096.43,,Idle,0,20,False,10,True,,Go Home,,,,,,False,,,False,False,False,False,0,False,False,False,,,,,Calm,,, 4.2.16,DF059,095XF1800201C0,09CLF2800600NB,0JFJ4006F4,0KPAF1T23100U1,10.8,0.0,0.0,0.0,0.0,0,0,DF059,095XF1800201C0,09CLF2800600NB,0JFJ4006F4,0KPAF1T23100U1,,, 4.2.16,,,,,,
6/14/2018,11:19:41.12 PM,0m 12.3s,12.3,0,0,0,0,0.3,0,0,0,0,0,0,0,0,0,1.2,0.4,156,156,Manual Takeoff,Other,Takeoff (RC Assisted),0,0,False,,Matrice 210,True,False,,Smart,RC,True,True,False,,,True,,False,False,False,False,False,False,False,False,False,True,0,Follow Yaw,0,0,155.9,155.9,False,False,False,False,False,False,,False,Normal,,,1024,1024,1024,1024,0,False,False,False,False,False,0,False,False,False,False,65,,,,23.727,False,3.95,3.951,3.952,3.956,3.952,3.936,0.022,False,False,,,,,0,0,0,0,0,0.0,2096.43,,Idle,0,20,False,10,True,,Go Home,,,,,,False,,,False,False,False,False,0,False,False,False,,,,,Calm,,, 4.2.16,DF059,095XF1800201C0,09CLF2800600NB,0JFJ4006F4,0KPAF1T23100U1,10.8,0.0,0.0,0.0,0.0,0,0,DF059,095XF1800201C0,09CLF2800600NB,0JFJ4006F4,0KPAF1T23100U1,,, 4.2.16,,,,,,
6/14/2018,11:19:41.31 PM,0m 12.4s,12.4,0,0,0,0,0.3,0,0,0,0,0,0,0,0,0,1.2,0.4,156,156,Manual Takeoff,Other,Takeoff (RC Assisted),0,0,False,,Matrice 210,True,False,,Smart,RC,True,True,False,,,True,,False,False,False,False,False,False,False,False,False,True,0,Follow Yaw,0,0,155.9,155.9,False,False,False,False,False,False,,False,Normal,,,1024,1024,1024,1024,0,False,False,False,False,False,0,False,False,False,False,65,,,,23.727,False,3.95,3.951,3.952,3.956,3.952,3.936,0.022,False,False,,,,,0,0,0,0,0,0.0,2096.43,,Idle,0,20,False,10,True,,Go Home,,,,,,False,,,False,False,False,False,0,False,False,False,,,,,Calm,,, 4.2.16,DF059,095XF1800201C0,09CLF2800600NB,0JFJ4006F4,0KPAF1T23100U1,10.8,0.0,0.0,0.0,0.0,0,0,DF059,095XF1800201C0,09CLF2800600NB,0JFJ4006F4,0KPAF1T23100U1,,, 4.2.16,,,,,,
6/14/2018,11:19:41.41 PM,0m 12.5s,12.5,0,0,0,0,0.3,0,0,0,0,0,0,0,0,0,1.2,0.4,156,156,Manual Takeoff,Other,Takeoff (RC Assisted),0,0,False,,Matrice 210,True,False,,Smart,RC,True,True,False,,,True,,False,False,False,False,False,False,False,False,False,True,0,Follow Yaw,0,0,155.9,155.9,False,False,False,False,False,False,,False,Normal,,,1024,1024,1024,1024,0,False,False,False,False,False,0,False,False,False,False,65,,,,23.727,False,3.95,3.951,3.952,3.956,3.952,3.936,0.022,False,False,,,,,0,0,0,0,0,0.0,2096.43,,Idle,0,20,False,10,True,,Go Home,,,,,,False,,,False,False,False,False,0,False,False,False,,,,,Calm,,, 4.2.16,DF059,095XF1800201C0,09CLF2800600NB,0JFJ4006F4,0KPAF1T23100U1,10.8,0.0,0.0,0.0,0.0,0,0,DF059,095XF1800201C0,09CLF2800600NB,0JFJ4006F4,0KPAF1T23100U1,,, 4.2.16,,,,,,
6/14/2018,11:19:41.51 PM,0m 12.6s,12.6,0,0,0,0,0.3,0,0,0,0,0,0,0,0,0,1.2,0.3,156,156,Manual Takeoff,Other,Takeoff (RC Assisted),0,0,False,,Matrice 210,True,False,,Smart,RC,True,True,False,,,True,,False,False,False,False,False,False,False,False,False,True,0,Follow Yaw,0,0,155.9,155.9,False,False,False,False,False,False,,False,Normal,,,1024,1024,1024,1024,0,False,False,False,False,False,0,False,False,False,False,65,,,,23.727,False,3.95,3.951,3.952,3.956,3.952,3.936,0.022,False,False,,,,,0,0,0,0,0,0.0,2096.43,,Idle,0,20,False,10,True,,Go Home,,,,,,False,,,False,False,False,False,0,False,False,False,,,,,Calm,,, 4.2.16,DF059,095XF1800201C0,09CLF2800600NB,0JFJ4006F4,0KPAF1T23100U1,10.8,0.0,0.0,0.0,0.0,0,0,DF059,095XF1800201C0,09CLF2800600NB,0JFJ4006F4,0KPAF1T23100U1,,, 4.2.16,,,,,,
6/14/2018,11:19:41.53 PM,0m 12.7s,12.7,0,0,0,0,0.3,0,0,0,0,0,0,0,0,0,1.2,0.3,156.1,156.1,Manual Takeoff,Other,Takeoff (RC Assisted),0,0,False,,Matrice 210,True,False,,Smart,RC,True,True,False,,,True,,False,False,False,False,False,False,False,False,False,True,0,Follow Yaw,0,0,155.9,155.9,False,False,False,False,False,False,,False,Normal,,,1024,1024,1024,1024,0,False,False,False,False,False,0,False,False,False,False,65,,,,23.694,False,3.95,3.951,3.952,3.955,3.952,3.934,0.022,False,False,,,,,0,0,0,0,0,0.0,2096.43,,Idle,0,20,False,10,True,,Go Home,,,,,,False,,,False,False,False,False,0,False,False,False,,,,,Calm,,, 4.2.16,DF059,095XF1800201C0,09CLF2800600NB,0JFJ4006F4,0KPAF1T23100U1,10.8,0.0,0.0,0.0,0.0,0,0,DF059,095XF1800201C0,09CLF2800600NB,0JFJ4006F4,0KPAF1T23100U1,,, 4.2.16,,,,,,
6/14/2018,11:19:41.71 PM,0m 12.8s,12.8,0,0,0,0,0.3,0,0,0,0,0,0,0,0,0,1.2,0.3,156.1,156.1,Manual Takeoff,Other,Takeoff (RC Assisted),0,0,False,,Matrice 210,True,False,,Smart,RC,True,True,False,,,True,,False,False,False,False,False,False,False,False,False,True,0,Follow Yaw,0,0,155.9,155.9,False,False,False,False,False,False,,False,Normal,,,1024,1024,1024,1024,0,False,False,False,False,False,0,False,False,False,False,65,,,,23.694,False,3.95,3.951,3.952,3.955,3.952,3.934,0.022,False,False,,,,,0,0,0,0,0,0.0,2096.43,,Idle,0,20,False,10,True,,Go Home,,,,,,False,,,False,False,False,False,0,False,False,False,,,,,Calm,,, 4.2.16,DF059,095XF1800201C0,09CLF2800600NB,0JFJ4006F4,0KPAF1T23100U1,10.8,0.0,0.0,0.0,0.0,0,0,DF059,095XF1800201C0,09CLF2800600NB,0JFJ4006F4,0KPAF1T23100U1,,, 4.2.16,,,,,,
6/14/2018,11:19:41.81 PM,0m 12.9s,12.9,0,0,0,0,0.3,0,0,0,0,0,0,0,0,0,1.2,0.3,156.1,156.1,Manual Takeoff,Other,Takeoff (RC Assisted),0,0,False,,Matrice 210,True,False,,Smart,RC,True,True,False,,,True,,False,False,False,False,False,False,False,False,False,True,0,Follow Yaw,0,0,155.9,155.9,False,False,False,False,False,False,,False,Normal,,,1024,1024,1024,1024,0,False,False,False,False,False,0,False,False,False,False,65,,,,23.694,False,3.95,3.951,3.952,3.955,3.952,3.934,0.022,False,False,,,,,0,0,0,0,0,0.0,2096.43,,Idle,0,20,False,10,True,,Go Home,,,,,,False,,,False,False,False,False,0,False,False,False,,,,,Calm,,, 4.2.16,DF059,095XF1800201C0,09CLF2800600NB,0JFJ4006F4,0KPAF1T23100U1,10.8,0.0,0.0,0.0,0.0,0,0,DF059,095XF1800201C0,09CLF2800600NB,0JFJ4006F4,0KPAF1T23100U1,,, 4.2.16,,,,,,
6/14/2018,11:19:41.83 PM,0m 13.0s,13.0,0,0,0,0,0.3,0,0,0,0,0,0,0,0,0,1.2,0.3,156.1,156.1,Manual Takeoff,Other,Takeoff (RC Assisted),0,0,False,,Matrice 210,True,False,,Smart,RC,True,True,False,,,True,,False,False,False,False,False,False,False,False,False,True,0,Follow Yaw,0,0,155.9,155.9,False,False,False,False,False,False,,False,Normal,,,1024,1024,1024,1024,0,False,False,False,False,False,0,False,False,False,False,65,,,,23.694,False,3.95,3.951,3.952,3.955,3.952,3.934,0.022,False,False,,,,,0,0,0,0,0,0.0,2096.43,,Idle,0,20,False,10,True,,Go Home,,,,,,False,,,False,False,False,False,0,False,False,False,,,,,Calm,,, 4.2.16,DF059,095XF1800201C0,09CLF2800600NB,0JFJ4006F4,0KPAF1T23100U1,10.8,0.0,0.0,0.0,0.0,0,0,DF059,095XF1800201C0,09CLF2800600NB,0JFJ4006F4,0KPAF1T23100U1,,, 4.2.16,,,,,,
6/14/2018,11:19:41.91 PM,0m 13.1s,13.1,0,0,0,0,0.3,0,0,0,0,0,0,0,0,0,1.1,0.4,156.1,156.1,Manual Takeoff,Other,Takeoff (RC Assisted),0,0,False,,Matrice 210,True,False,,Smart,RC,True,True,False,,,True,,False,False,False,False,False,False,False,False,False,True,0,Follow Yaw,0,0,155.9,155.9,False,False,False,False,False,False,,False,Normal,,,1024,1024,1024,1024,0,False,False,False,False,False,0,False,False,False,False,65,,,,23.694,False,3.95,3.951,3.952,3.955,3.952,3.934,0.022,False,False,,,,,0,0,0,0,0,0.0,2096.43,,Idle,0,20,False,10,True,,Go Home,,,,,,False,,,False,False,False,False,0,False,False,False,,,,,Calm,,, 4.2.16,DF059,095XF1800201C0,09CLF2800600NB,0JFJ4006F4,0KPAF1T23100U1,10.8,0.0,0.0,0.0,0.0,0,0,DF059,095XF1800201C0,09CLF2800600NB,0JFJ4006F4,0KPAF1T23100U1,,, 4.2.16,,,,,,
6/14/2018,11:19:42.01 PM,0m 13.2s,13.2,0,0,0,0,0.3,0,0,0,0,0,0,0,0,0,1.1,0.4,156.1,156.1,Manual Takeoff,Other,Takeoff (RC Assisted),0,0,False,,Matrice 210,True,False,,Smart,RC,True,True,False,,,True,,False,False,False,False,False,False,False,False,False,True,0,Follow Yaw,0,0,155.9,155.9,False,False,False,False,False,False,,False,Normal,,,1024,1012,1024,1024,0,False,False,False,False,False,0,False,False,False,False,65,,,,23.728,False,3.95,3.951,3.952,3.955,3.952,3.934,0.022,False,False,,,,,0,0,0,0,0,0.0,2115.31,,Idle,0,20,False,10,True,,Go Home,,,,,,False,,,False,False,False,False,0,False,False,False,,,,,Calm,,, 4.2.16,DF059,095XF1800201C0,09CLF2800600NB,0JFJ4006F4,0KPAF1T23100U1,10.8,0.0,0.0,0.0,0.0,0,0,DF059,095XF1800201C0,09CLF2800600NB,0JFJ4006F4,0KPAF1T23100U1,,, 4.2.16,,,,,,
6/14/2018,11:19:42.11 PM,0m 13.3s,13.3,0,0,0,0,0.3,0,0,0,0,0,0,0,0,0,1.1,0.3,156.1,156.1,Manual Takeoff,Other,Takeoff (RC Assisted),0,0,False,,Matrice 210,True,False,,Smart,RC,True,True,False,,,True,,False,False,False,False,False,False,False,False,False,True,0,Follow Yaw,0,0,155.9,155.9,False,False,False,False,False,False,,False,Normal,,,1024,986,1024,1024,0,False,False,False,False,False,0,False,False,False,False,65,,,,23.728,False,3.95,3.951,3.952,3.955,3.952,3.934,0.022,False,False,,,,,0,0,0,0,0,0.0,2115.31,,Idle,0,20,False,10,True,,Go Home,,,,,,False,,,False,False,False,False,0,False,False,False,,,,,Calm,,, 4.2.16,DF059,095XF1800201C0,09CLF2800600NB,0JFJ4006F4,0KPAF1T23100U1,10.8,0.0,0.0,0.0,0.0,0,0,DF059,095XF1800201C0,09CLF2800600NB,0JFJ4006F4,0KPAF1T23100U1,,, 4.2.16,,,,,,
6/14/2018,11:19:42.22 PM,0m 13.4s,13.4,0,0,0,0,0.3,0,0,0,0,0,0,0,0,0,1.2,0.3,156.1,156.1,Manual Takeoff,Other,Takeoff (RC Assisted),0,0,False,,Matrice 210,True,False,,Smart,RC,True,True,False,,,True,,False,False,False,False,False,False,False,False,False,True,0,Follow Yaw,0,0,155.9,155.9,False,False,False,False,False,False,,False,Normal,,,1024,1009,1024,1024,0,False,False,False,False,False,0,False,False,False,False,65,,,,23.728,False,3.95,3.951,3.952,3.955,3.952,3.934,0.022,False,False,,,,,0,0,0,0,0,0.0,2115.31,,Idle,0,20,False,10,True,,Go Home,,,,,,False,,,False,False,False,False,0,False,False,False,,,,,Calm,,, 4.2.16,DF059,095XF1800201C0,09CLF2800600NB,0JFJ4006F4,0KPAF1T23100U1,10.8,0.0,0.0,0.0,0.0,0,0,DF059,095XF1800201C0,09CLF2800600NB,0JFJ4006F4,0KPAF1T23100U1,,, 4.2.16,,,,,,
6/14/2018,11:19:42.32 PM,0m 13.5s,13.5,0,0,0,0,0.3,0,0,0,0,0,0,0,0,0,1.2,0.3,156.1,156.1,Manual Takeoff,Other,Takeoff (RC Assisted),0,0,False,,Matrice 210,True,False,,Smart,RC,True,True,False,,,True,,False,False,False,False,False,False,False,False,False,True,0,Follow Yaw,0,0,155.9,155.9,False,False,False,False,False,False,,False,Normal,,,1024,1024,1024,1024,0,False,False,False,False,False,0,False,False,False,False,65,,,,23.728,False,3.95,3.951,3.952,3.955,3.952,3.934,0.022,False,False,,,,,0,0,0,0,0,0.0,2115.31,,Idle,0,20,False,10,True,,Go Home,,,,,,False,,,False,False,False,False,0,False,False,False,,,,,Calm,,, 4.2.16,DF059,095XF1800201C0,09CLF2800600NB,0JFJ4006F4,0KPAF1T23100U1,10.8,0.0,0.0,0.0,0.0,0,0,DF059,095XF1800201C0,09CLF2800600NB,0JFJ4006F4,0KPAF1T23100U1,,, 4.2.16,,,,,,
6/14/2018,11:19:42.42 PM,0m 13.6s,13.6,0,0,0,0,0.3,0,0,0,0,0,0,0,0,0,1.2,0.3,156,156,Manual Takeoff,Other,Takeoff (RC Assisted),0,0,False,,Matrice 210,True,False,,Smart,RC,True,True,False,,,True,,False,False,False,False,False,False,False,False,False,True,0,Follow Yaw,0,0,155.9,155.9,False,False,False,False,False,False,,False,Normal,,,1024,1024,1024,1024,0,False,False,False,False,False,0,False,False,False,False,65,,,,23.728,False,3.95,3.951,3.952,3.955,3.952,3.934,0.022,False,False,,,,,0,0,0,0,0,0.0,2115.31,,Idle,0,20,False,10,True,,Go Home,,,,,,False,,,False,False,False,False,0,False,False,False,,,,,Calm,,, 4.2.16,DF059,095XF1800201C0,09CLF2800600NB,0JFJ4006F4,0KPAF1T23100U1,10.8,0.0,0.0,0.0,0.0,0,0,DF059,095XF1800201C0,09CLF2800600NB,0JFJ4006F4,0KPAF1T23100U1,,, 4.2.16,,,,,,
6/14/2018,11:19:42.52 PM,0m 13.7s,13.7,0,0,0,0,0.3,0,0,0,0,0,0,0,0,0,1.2,0.3,156.1,156.1,Manual Takeoff,Other,Takeoff (RC Assisted),0,0,False,,Matrice 210,True,False,,Smart,RC,True,True,False,,,True,,False,False,False,False,False,False,False,False,False,True,0,Follow Yaw,0,0,155.9,155.9,False,False,False,False,False,False,,False,Normal,,,1024,1024,1024,1024,0,False,False,False,False,False,0,False,False,False,False,65,,,,23.728,False,3.95,3.951,3.952,3.955,3.952,3.934,0.022,False,False,,,,,0,0,0,0,0,0.0,2115.31,,Idle,0,20,False,10,True,,Go Home,,,,,,False,,,False,False,False,False,0,False,False,False,,,,,Calm,,, 4.2.16,DF059,095XF1800201C0,09CLF2800600NB,0JFJ4006F4,0KPAF1T23100U1,10.8,0.0,0.0,0.0,0.0,0,0,DF059,095XF1800201C0,09CLF2800600NB,0JFJ4006F4,0KPAF1T23100U1,,, 4.2.16,,,,,,
6/14/2018,11:19:42.62 PM,0m 13.8s,13.8,0,0,0,0,0.3,0,0,0,0,0,0,0,0,0,1.2,0.3,156.1,156.1,Manual Takeoff,Other,Takeoff (RC Assisted),0,0,False,,Matrice 210,True,False,,Smart,RC,True,True,False,,,True,,False,False,False,False,False,False,False,False,False,True,0,Follow Yaw,0,0,155.9,155.9,False,False,False,False,False,False,,False,Normal,,,1024,1024,1024,1024,0,False,False,False,False,False,0,False,False,False,False,65,,,,23.694,False,3.95,3.951,3.952,3.955,3.952,3.934,0.022,False,False,,,,,0,0,0,0,0,0.0,2115.31,,Idle,0,20,False,10,True,,Go Home,,,,,,False,,,False,False,False,False,0,False,False,False,,,,,Calm,,, 4.2.16,DF059,095XF1800201C0,09CLF2800600NB,0JFJ4006F4,0KPAF1T23100U1,10.8,0.0,0.0,0.0,0.0,0,0,DF059,095XF1800201C0,09CLF2800600NB,0JFJ4006F4,0KPAF1T23100U1,,, 4.2.16,,,,,,
6/14/2018,11:19:42.82 PM,0m 13.9s,13.9,0,0,0,0,0.3,0,0,0,0,0,0,0,0,0,1.2,0.3,156.1,156.1,Manual Takeoff,Other,Takeoff (RC Assisted),0,0,False,,Matrice 210,True,False,,Smart,RC,True,True,False,,,True,,False,False,False,False,False,False,False,False,False,True,0,Follow Yaw,0,0,155.9,155.9,False,False,False,False,False,False,,False,Normal,,,1024,1024,1024,1024,0,False,False,False,False,False,0,False,False,False,False,65,,,,23.694,False,3.95,3.951,3.952,3.955,3.952,3.934,0.022,False,False,,,,,0,0,0,0,0,0.0,2115.31,,Idle,0,20,False,10,True,,Go Home,,,,,,False,,,False,False,False,False,0,False,False,False,,,,,Calm,,, 4.2.16,DF059,095XF1800201C0,09CLF2800600NB,0JFJ4006F4,0KPAF1T23100U1,10.8,0.0,0.0,0.0,0.0,0,0,DF059,095XF1800201C0,09CLF2800600NB,0JFJ4006F4,0KPAF1T23100U1,,, 4.2.16,,,,,,
6/14/2018,11:19:42.92 PM,0m 14.0s,14.0,0,0,0,0,0.3,0,0,0,0,0,0,0,0,0,1.2,0.3,156.1,156.1,Manual Takeoff,Other,Takeoff (RC Assisted),0,0,False,,Matrice 210,True,False,,Smart,RC,True,True,False,,,True,,False,False,False,False,False,False,False,False,False,True,0,Follow Yaw,0,0,155.9,155.9,False,False,False,False,False,False,,False,Normal,,,1024,1024,1024,1024,0,False,False,False,False,False,0,False,False,False,False,65,,,,23.694,False,3.95,3.951,3.952,3.955,3.952,3.934,0.022,False,False,,,,,0,0,0,0,0,0.0,2115.31,,Idle,0,20,False,10,True,,Go Home,,,,,,False,,,False,False,False,False,0,False,False,False,,,,,Calm,,, 4.2.16,DF059,095XF1800201C0,09CLF2800600NB,0JFJ4006F4,0KPAF1T23100U1,10.8,0.0,0.0,0.0,0.0,0,0,DF059,095XF1800201C0,09CLF2800600NB,0JFJ4006F4,0KPAF1T23100U1,,, 4.2.16,,,,,,
6/14/2018,11:19:43.02 PM,0m 14.1s,14.1,0,0,0,0,0.3,0,0,0,0,0,0,0,0,0,1.2,0.3,156.1,156.1,Manual Takeoff,Other,Takeoff (RC Assisted),0,0,False,,Matrice 210,True,False,,Smart,RC,True,True,False,,,True,,False,False,False,False,False,False,False,False,False,True,0,Follow Yaw,0,0,155.9,155.9,False,False,False,False,False,False,,False,Normal,,,1024,1024,1024,1024,0,False,False,False,False,False,0,False,False,False,False,65,,,,23.694,False,3.95,3.951,3.952,3.955,3.952,3.934,0.022,False,False,,,,,0,0,0,0,0,0.0,2115.31,,Idle,0,20,False,10,True,,Go Home,,,,,,False,,,False,False,False,False,0,False,False,False,,,,,Calm,,, 4.2.16,DF059,095XF1800201C0,09CLF2800600NB,0JFJ4006F4,0KPAF1T23100U1,10.8,0.0,0.0,0.0,0.0,0,0,DF059,095XF1800201C0,09CLF2800600NB,0JFJ4006F4,0KPAF1T23100U1,,, 4.2.16,,,,,,
6/14/2018,11:19:43.13 PM,0m 14.2s,14.2,0,0,0,0,0.3,0,0,0,0,0,0,0,0,0,1.2,0.3,156.1,156.1,Manual Takeoff,Other,Takeoff (RC Assisted),0,0,False,,Matrice 210,True,False,,Smart,RC,True,True,False,,,True,,False,False,False,False,False,False,False,False,False,True,0,Follow Yaw,0,0,155.9,155.9,False,False,False,False,False,False,,False,Normal,,,1024,1024,1024,1024,0,False,False,False,False,False,0,False,False,False,False,65,,,,23.727,False,3.95,3.951,3.952,3.955,3.952,3.934,0.022,False,False,,,,,0,0,0,0,0,0.0,2139.49,,Idle,0,20,False,10,True,,Go Home,,,,,,False,,,False,False,False,False,0,False,False,False,,,,,Calm,,, 4.2.16,DF059,095XF1800201C0,09CLF2800600NB,0JFJ4006F4,0KPAF1T23100U1,10.8,0.0,0.0,0.0,0.0,0,0,DF059,095XF1800201C0,09CLF2800600NB,0JFJ4006F4,0KPAF1T23100U1,,, 4.2.16,,,,,,
6/14/2018,11:19:43.23 PM,0m 14.3s,14.3,0,0,0,0,0.3,0,0,0,0,0,0,0,0,0,1.2,0.3,156.1,156.1,Manual Takeoff,Other,Takeoff (RC Assisted),0,0,False,,Matrice 210,True,False,,Smart,RC,True,True,False,,,True,,False,False,False,False,False,False,False,False,False,True,0,Follow Yaw,0,0,155.9,155.9,False,False,False,False,False,False,,False,Normal,,,1024,1024,1024,1024,0,False,False,False,False,False,0,False,False,False,False,65,,,,23.727,False,3.95,3.951,3.952,3.955,3.952,3.934,0.022,False,False,,,,,0,0,0,0,0,0.0,2139.49,,Idle,0,20,False,10,True,,Go Home,,,,,,False,,,False,False,False,False,0,False,False,False,,,,,Calm,,, 4.2.16,DF059,095XF1800201C0,09CLF2800600NB,0JFJ4006F4,0KPAF1T23100U1,10.8,0.0,0.0,0.0,0.0,0,0,DF059,095XF1800201C0,09CLF2800600NB,0JFJ4006F4,0KPAF1T23100U1,,, 4.2.16,,,,,,
6/14/2018,11:19:43.33 PM,0m 14.4s,14.4,0,0,0,0,0.3,0,0,0,0,0,0,0,0,0,1.2,0.3,156.1,156.1,Manual Takeoff,Other,Takeoff (RC Assisted),0,0,False,,Matrice 210,True,False,,Smart,RC,True,True,False,,,True,,False,False,False,False,False,False,False,False,False,True,0,Follow Yaw,0,0,155.9,155.9,False,False,False,False,False,False,,False,Normal,,,1024,1024,1024,1024,0,False,False,False,False,False,0,False,False,False,False,65,,,,23.727,False,3.95,3.951,3.952,3.955,3.952,3.934,0.022,False,False,,,,,0,0,0,0,0,0.0,2139.49,,Idle,0,20,False,10,True,,Go Home,,,,,,False,,,False,False,False,False,0,False,False,False,,,,,Calm,,, 4.2.16,DF059,095XF1800201C0,09CLF2800600NB,0JFJ4006F4,0KPAF1T23100U1,10.8,0.0,0.0,0.0,0.0,0,0,DF059,095XF1800201C0,09CLF2800600NB,0JFJ4006F4,0KPAF1T23100U1,,, 4.2.16,,,,,,
6/14/2018,11:19:43.43 PM,0m 14.5s,14.5,0,0,0,0,0.3,0,0,0,0,0,0,0,0,0,1.2,0.3,156.1,156.1,Manual Takeoff,Other,Takeoff (RC Assisted),0,0,False,,Matrice 210,True,False,,Smart,RC,True,True,False,,,True,,False,False,False,False,False,False,False,False,False,True,0,Follow Yaw,0,0,155.9,155.9,False,False,False,False,False,False,,False,Normal,,,1024,1024,1024,1024,0,False,False,False,False,False,0,False,False,False,False,65,,,,23.727,False,3.95,3.951,3.952,3.955,3.952,3.934,0.022,False,False,,,,,0,0,0,0,0,0.0,2139.49,,Idle,0,20,False,10,True,,Go Home,,,,,,False,,,False,False,False,False,0,False,False,False,,,,,Calm,,, 4.2.16,DF059,095XF1800201C0,09CLF2800600NB,0JFJ4006F4,0KPAF1T23100U1,10.8,0.0,0.0,0.0,0.0,0,0,DF059,095XF1800201C0,09CLF2800600NB,0JFJ4006F4,0KPAF1T23100U1,,, 4.2.16,,,,,,
6/14/2018,11:19:43.53 PM,0m 14.6s,14.6,0,0,0,0,0.3,0,0,0,0,0,0,0,0,0,1.3,0.3,156.1,156.1,Manual Takeoff,Other,Takeoff (RC Assisted),0,0,False,,Matrice 210,True,False,,Smart,RC,True,True,False,,,True,,False,False,False,False,False,False,False,False,False,True,0,Follow Yaw,0,0,155.9,155.9,False,False,False,False,False,False,,False,Normal,,,1024,1024,1024,1024,0,False,False,False,False,False,0,False,False,False,False,65,,,,23.727,False,3.95,3.951,3.952,3.955,3.952,3.934,0.022,False,False,,,,,0,0,0,0,0,0.0,2139.49,,Idle,0,20,False,10,True,,Go Home,,,,,,False,,,False,False,False,False,0,False,False,False,,,,,Calm,,, 4.2.16,DF059,095XF1800201C0,09CLF2800600NB,0JFJ4006F4,0KPAF1T23100U1,10.8,0.0,0.0,0.0,0.0,0,0,DF059,095XF1800201C0,09CLF2800600NB,0JFJ4006F4,0KPAF1T23100U1,,, 4.2.16,,,,,,
6/14/2018,11:19:43.63 PM,0m 14.7s,14.7,0,0,0,0,0.3,0,0,0,0,0,0,0,0,0,1.3,0.3,156.1,156.1,Manual Takeoff,Other,Takeoff (RC Assisted),0,0,False,,Matrice 210,True,False,,Smart,RC,True,True,False,,,True,,False,False,False,False,False,False,False,False,False,True,0,Follow Yaw,0,0,155.9,155.9,False,False,False,False,False,False,,False,Normal,,,1024,1024,1024,1024,0,False,False,False,False,False,0,False,False,False,False,65,,,,23.727,False,3.95,3.951,3.952,3.955,3.952,3.934,0.022,False,False,,,,,0,0,0,0,0,0.0,2139.49,,Idle,0,20,False,10,True,,Go Home,,,,,,False,,,False,False,False,False,0,False,False,False,,,,,Calm,,, 4.2.16,DF059,095XF1800201C0,09CLF2800600NB,0JFJ4006F4,0KPAF1T23100U1,10.8,0.0,0.0,0.0,0.0,0,0,DF059,095XF1800201C0,09CLF2800600NB,0JFJ4006F4,0KPAF1T23100U1,,, 4.2.16,,,,,,
6/14/2018,11:19:43.73 PM,0m 14.8s,14.8,0,0,0,0,0.3,0,0,0,0,0,0,0,0,0,1.3,0.3,156.1,156.1,Manual Takeoff,Other,Takeoff (RC Assisted),0,0,False,,Matrice 210,True,False,,Smart,RC,True,True,False,,,True,,False,False,False,False,False,False,False,False,False,True,0,Follow Yaw,0,0,155.9,155.9,False,False,False,False,False,False,,False,Normal,,,1024,1024,1024,1024,0,False,False,False,False,False,0,False,False,False,False,65,,,,23.692,False,3.95,3.949,3.952,3.955,3.952,3.934,0.022,False,False,,,,,0,0,0,0,0,0.0,2139.49,,Idle,0,20,False,10,True,,Go Home,,,,,,False,,,False,False,False,False,0,False,False,False,,,,,Calm,,, 4.2.16,DF059,095XF1800201C0,09CLF2800600NB,0JFJ4006F4,0KPAF1T23100U1,10.8,0.0,0.0,0.0,0.0,0,0,DF059,095XF1800201C0,09CLF2800600NB,0JFJ4006F4,0KPAF1T23100U1,,, 4.2.16,,,,,,
6/14/2018,11:19:43.83 PM,0m 14.9s,14.9,0,0,0,0,0.3,0,0,0,0,0,0,0,0,0,1.2,0.3,156.1,156.1,Manual Takeoff,Other,Takeoff (RC Assisted),0,0,False,,Matrice 210,True,False,,Smart,RC,True,True,False,,,True,,False,False,False,False,False,False,False,False,False,True,0,Follow Yaw,0,0,155.9,155.9,False,False,False,False,False,False,,False,Normal,,,1024,1024,1024,1024,0,False,False,False,False,False,0,False,False,False,False,65,,,,23.692,False,3.95,3.949,3.952,3.955,3.952,3.934,0.022,False,False,,,,,0,0,0,0,0,0.0,2139.49,,Idle,0,20,False,10,True,,Go Home,,,,,,False,,,False,False,False,False,0,False,False,False,,,,,Calm,,, 4.2.16,DF059,095XF1800201C0,09CLF2800600NB,0JFJ4006F4,0KPAF1T23100U1,10.8,0.0,0.0,0.0,0.0,0,0,DF059,095XF1800201C0,09CLF2800600NB,0JFJ4006F4,0KPAF1T23100U1,,, 4.2.16,,,,,,
6/14/2018,11:19:43.94 PM,0m 15.0s,15.0,0,0,0,0,0.3,0,0,0,0,0,0,0,0,0,1.2,0.3,156.1,156.1,Manual Takeoff,Other,Takeoff (RC Assisted),0,0,False,,Matrice 210,True,False,,Smart,RC,True,True,False,,,True,,False,False,False,False,False,False,False,False,False,True,0,Follow Yaw,0,0,155.9,155.9,False,False,False,False,False,False,,False,Normal,,,1024,1024,1024,1024,0,False,False,False,False,False,0,False,False,False,False,65,,,,23.692,False,3.95,3.949,3.952,3.955,3.952,3.934,0.022,False,False,,,,,0,0,0,0,0,0.0,2139.49,,Idle,0,20,False,10,True,,Go Home,,,,,,False,,,False,False,False,False,0,False,False,False,,,,,Calm,,, 4.2.16,DF059,095XF1800201C0,09CLF2800600NB,0JFJ4006F4,0KPAF1T23100U1,10.8,0.0,0.0,0.0,0.0,0,0,DF059,095XF1800201C0,09CLF2800600NB,0JFJ4006F4,0KPAF1T23100U1,,, 4.2.16,,,,,,
6/14/2018,11:19:44.04 PM,0m 15.1s,15.1,0,0,0,0,0.3,0,0,0,0,0,0,0,0,0,1.3,0.3,156.1,156.1,Manual Takeoff,Other,Takeoff (RC Assisted),0,0,False,,Matrice 210,True,False,,Smart,RC,True,True,False,,,True,,False,False,False,False,False,False,False,False,False,True,0,Follow Yaw,0,0,155.9,155.9,False,False,False,False,False,False,,False,Normal,,,1024,1024,1024,1024,0,False,False,False,False,False,0,False,False,False,False,65,,,,23.692,False,3.95,3.949,3.952,3.955,3.952,3.934,0.022,False,False,,,,,0,0,0,0,0,0.0,2139.49,,Idle,0,20,False,10,True,,Go Home,,,,,,False,,,False,False,False,False,0,False,False,False,,,,,Calm,,, 4.2.16,DF059,095XF1800201C0,09CLF2800600NB,0JFJ4006F4,0KPAF1T23100U1,10.8,0.0,0.0,0.0,0.0,0,0,DF059,095XF1800201C0,09CLF2800600NB,0JFJ4006F4,0KPAF1T23100U1,,, 4.2.16,,,,,,
6/14/2018,11:19:44.14 PM,0m 15.2s,15.2,0,0,0,0,0.3,0,0,0,0,0,0,0,0,0,1.2,0.3,156.1,156.1,Manual Takeoff,Other,Takeoff (RC Assisted),0,0,False,,Matrice 210,True,False,,Smart,RC,True,True,False,,,True,,False,False,False,False,False,False,False,False,False,True,0,Follow Yaw,0,0,155.9,155.9,False,False,False,False,False,False,,False,Normal,,,1024,1024,1024,1024,0,False,False,False,False,False,0,False,False,False,False,65,,,,23.725,False,3.95,3.949,3.952,3.955,3.952,3.934,0.022,False,False,,,,,0,0,0,0,0,0.0,2164.91,,Idle,0,20,False,10,True,,Go Home,,,,,,False,,,False,False,False,False,0,False,False,False,,,,,Calm,,, 4.2.16,DF059,095XF1800201C0,09CLF2800600NB,0JFJ4006F4,0KPAF1T23100U1,10.8,0.0,0.0,0.0,0.0,0,0,DF059,095XF1800201C0,09CLF2800600NB,0JFJ4006F4,0KPAF1T23100U1,,, 4.2.16,,,,,,
6/14/2018,11:19:44.24 PM,0m 15.3s,15.3,0,0,0,0,0.3,0,0,0,0,0,0,0,0,0,1.2,0.3,156.1,156.1,Manual Takeoff,Other,Takeoff (RC Assisted),0,0,False,,Matrice 210,True,False,,Smart,RC,True,True,False,,,True,,False,False,False,False,False,False,False,False,False,True,0,Follow Yaw,0,0,155.9,155.9,False,False,False,False,False,False,,False,Normal,,,1024,1024,1024,1024,0,False,False,False,False,False,0,False,False,False,False,65,,,,23.725,False,3.95,3.949,3.952,3.955,3.952,3.934,0.022,False,False,,,,,0,0,0,0,0,0.0,2164.91,,Idle,0,20,False,10,True,,Go Home,,,,,,False,,,False,False,False,False,0,False,False,False,,,,,Calm,,, 4.2.16,DF059,095XF1800201C0,09CLF2800600NB,0JFJ4006F4,0KPAF1T23100U1,10.8,0.0,0.0,0.0,0.0,0,0,DF059,095XF1800201C0,09CLF2800600NB,0JFJ4006F4,0KPAF1T23100U1,,, 4.2.16,,,,,,
6/14/2018,11:19:44.34 PM,0m 15.4s,15.4,0,0,0,0,0.3,0,0,0,0,0,0,0,0,0,1.2,0.3,156.1,156.1,Manual Takeoff,Other,Takeoff (RC Assisted),0,0,False,,Matrice 210,True,False,,Smart,RC,True,True,False,,,True,,False,False,False,False,False,False,False,False,False,True,0,Follow Yaw,0,0,155.9,155.9,False,False,False,False,False,False,,False,Normal,,,1024,1024,1024,1024,0,False,False,False,False,False,0,False,False,False,False,65,,,,23.725,False,3.95,3.949,3.952,3.955,3.952,3.934,0.022,False,False,,,,,0,0,0,0,0,0.0,2164.91,,Idle,0,20,False,10,True,,Go Home,,,,,,False,,,False,False,False,False,0,False,False,False,,,,,Calm,,, 4.2.16,DF059,095XF1800201C0,09CLF2800600NB,0JFJ4006F4,0KPAF1T23100U1,10.8,0.0,0.0,0.0,0.0,0,0,DF059,095XF1800201C0,09CLF2800600NB,0JFJ4006F4,0KPAF1T23100U1,,, 4.2.16,,,,,,
6/14/2018,11:19:44.44 PM,0m 15.5s,15.5,0,0,0,0,0.3,0,0,0,0,0,0,0,0,0,1.2,0.3,156.1,156.1,Manual Takeoff,Other,Takeoff (RC Assisted),0,0,False,,Matrice 210,True,False,,Smart,RC,True,True,False,,,True,,False,False,False,False,False,False,False,False,False,True,0,Follow Yaw,0,0,155.9,155.9,False,False,False,False,False,False,,False,Normal,,,1024,1024,1024,1024,0,False,False,False,False,False,0,False,False,False,False,65,,,,23.725,False,3.95,3.949,3.952,3.955,3.952,3.934,0.022,False,False,,,,,0,0,0,0,0,0.0,2164.91,,Idle,0,20,False,10,True,,Go Home,,,,,,False,,,False,False,False,False,0,False,False,False,,,,,Calm,,, 4.2.16,DF059,095XF1800201C0,09CLF2800600NB,0JFJ4006F4,0KPAF1T23100U1,10.8,0.0,0.0,0.0,0.0,0,0,DF059,095XF1800201C0,09CLF2800600NB,0JFJ4006F4,0KPAF1T23100U1,,, 4.2.16,,,,,,
6/14/2018,11:19:44.46 PM,0m 15.6s,15.6,0,0,0,0,0.3,0,0,0,0,0,0,0,0,0,1.2,0.3,156.1,156.1,Manual Takeoff,Other,Takeoff (RC Assisted),0,0,False,,Matrice 210,True,False,,Smart,RC,True,True,False,,,True,,False,False,False,False,False,False,False,False,False,True,0,Follow Yaw,0,0,155.9,155.9,False,False,False,False,False,False,,False,Normal,,,1024,1024,1024,1024,0,False,False,False,False,False,0,False,False,False,False,65,,,,23.725,False,3.95,3.949,3.952,3.955,3.952,3.934,0.022,False,False,,,,,0,0,0,0,0,0.0,2164.91,,Idle,0,20,False,10,True,,Go Home,,,,,,False,,,False,False,False,False,0,False,False,False,,,,,Calm,,, 4.2.16,DF059,095XF1800201C0,09CLF2800600NB,0JFJ4006F4,0KPAF1T23100U1,10.8,0.0,0.0,0.0,0.0,0,0,DF059,095XF1800201C0,09CLF2800600NB,0JFJ4006F4,0KPAF1T23100U1,,, 4.2.16,,,,,,
6/14/2018,11:19:44.54 PM,0m 15.7s,15.7,0,0,0,0,0.3,0,0,0,0,0,0,0,0,0,1.2,0.3,156.1,156.1,Manual Takeoff,Other,Takeoff (RC Assisted),0,0,False,,Matrice 210,True,False,,Smart,RC,True,True,False,,,True,,False,False,False,False,False,False,False,False,False,True,0,Follow Yaw,0,0,155.9,155.9,False,False,False,False,False,False,,False,Normal,,,1024,1024,1024,1024,0,False,False,False,False,False,0,False,False,False,False,65,,,,23.725,False,3.95,3.949,3.952,3.955,3.952,3.934,0.022,False,False,,,,,0,0,0,0,0,0.0,2164.91,,Idle,0,20,False,10,True,,Go Home,,,,,,False,,,False,False,False,False,0,False,False,False,,,,,Calm,,, 4.2.16,DF059,095XF1800201C0,09CLF2800600NB,0JFJ4006F4,0KPAF1T23100U1,10.8,0.0,0.0,0.0,0.0,0,0,DF059,095XF1800201C0,09CLF2800600NB,0JFJ4006F4,0KPAF1T23100U1,,, 4.2.16,,,,,,
6/14/2018,11:19:44.75 PM,0m 15.8s,15.8,0,0,0,0,0.3,0,0,0,0,0,0,0,0,0,1.2,0.3,156.1,156.1,Manual Takeoff,Other,Takeoff (RC Assisted),0,0,False,,Matrice 210,True,False,,Smart,RC,True,True,False,,,True,,False,False,False,False,False,False,False,False,False,True,0,Follow Yaw,0,0,155.9,155.9,False,False,False,False,False,False,,False,Normal,,,1024,1024,1024,1024,0,False,False,False,False,False,0,False,False,False,False,65,,,,23.689,False,3.95,3.949,3.95,3.955,3.952,3.933,0.022,False,False,,,,,0,0,0,0,0,0.0,2164.91,,Idle,0,20,False,10,True,,Go Home,,,,,,False,,,False,False,False,False,0,False,False,False,,,,,Calm,,, 4.2.16,DF059,095XF1800201C0,09CLF2800600NB,0JFJ4006F4,0KPAF1T23100U1,10.8,0.0,0.0,0.0,0.0,0,0,DF059,095XF1800201C0,09CLF2800600NB,0JFJ4006F4,0KPAF1T23100U1,,, 4.2.16,,,,,,
6/14/2018,11:19:44.85 PM,0m 15.9s,15.9,0,0,0,0,0.3,0,0,0,0,0,0,0,0,0,1.2,0.3,156.1,156.1,Manual Takeoff,Other,Takeoff (RC Assisted),0,0,False,,Matrice 210,True,False,,Smart,RC,True,True,False,,,True,,False,False,False,False,False,False,False,False,False,True,0,Follow Yaw,0,0,155.9,155.9,False,False,False,False,False,False,,False,Normal,,,1024,1024,1024,1024,0,False,False,False,False,False,0,False,False,False,False,65,,,,23.689,False,3.95,3.949,3.95,3.955,3.952,3.933,0.022,False,False,,,,,0,0,0,0,0,0.0,2164.91,,Idle,0,20,False,10,True,,Go Home,,,,,,False,,,False,False,False,False,0,False,False,False,,,,,Calm,,, 4.2.16,DF059,095XF1800201C0,09CLF2800600NB,0JFJ4006F4,0KPAF1T23100U1,10.8,0.0,0.0,0.0,0.0,0,0,DF059,095XF1800201C0,09CLF2800600NB,0JFJ4006F4,0KPAF1T23100U1,,, 4.2.16,,,,,,
6/14/2018,11:19:44.87 PM,0m 16.0s,16.0,0,0,0,0,0.3,0,0,0,0,0,0,0,0,0,1.2,0.3,156.1,156.1,Manual Takeoff,Other,Takeoff (RC Assisted),0,0,False,,Matrice 210,True,False,,Smart,RC,True,True,False,,,True,,False,False,False,False,False,False,False,False,False,True,0,Follow Yaw,0,0,155.9,155.9,False,False,False,False,False,False,,False,Normal,,,1024,1024,1024,1024,0,False,False,False,False,False,0,False,False,False,False,65,,,,23.689,False,3.95,3.949,3.95,3.955,3.952,3.933,0.022,False,False,,,,,0,0,0,0,0,0.0,2164.91,,Idle,0,20,False,10,True,,Go Home,,,,,,False,,,False,False,False,False,0,False,False,False,,,,,Calm,,, 4.2.16,DF059,095XF1800201C0,09CLF2800600NB,0JFJ4006F4,0KPAF1T23100U1,10.8,0.0,0.0,0.0,0.0,0,0,DF059,095XF1800201C0,09CLF2800600NB,0JFJ4006F4,0KPAF1T23100U1,,, 4.2.16,,,,,,
6/14/2018,11:19:44.95 PM,0m 16.1s,16.1,0,0,0,0,0.3,0,0,0,0,0,0,0,0,0,1.2,0.3,156.1,156.1,Manual Takeoff,Other,Takeoff (RC Assisted),0,0,False,,Matrice 210,True,False,,Smart,RC,True,True,False,,,True,,False,False,False,False,False,False,False,False,False,True,0,Follow Yaw,0,0,155.9,155.9,False,False,False,False,False,False,,False,Normal,,,1024,1023,1024,1024,0,False,False,False,False,False,0,False,False,False,False,65,,,,23.689,False,3.95,3.949,3.95,3.955,3.952,3.933,0.022,False,False,,,,,0,0,0,0,0,0.0,2164.91,,Idle,0,20,False,10,True,,Go Home,,,,,,False,,,False,False,False,False,0,False,False,False,,,,,Calm,,, 4.2.16,DF059,095XF1800201C0,09CLF2800600NB,0JFJ4006F4,0KPAF1T23100U1,10.8,0.0,0.0,0.0,0.0,0,0,DF059,095XF1800201C0,09CLF2800600NB,0JFJ4006F4,0KPAF1T23100U1,,, 4.2.16,,,,,,
6/14/2018,11:19:45.05 PM,0m 16.2s,16.2,0,0,0,0,0.3,0,0,0,0,0,0,0,0,0,1.2,0.3,156.1,156.1,Manual Takeoff,Other,Takeoff (RC Assisted),0,0,False,,Matrice 210,True,False,,Smart,RC,True,True,False,,,True,,False,False,False,False,False,False,False,False,False,True,0,Follow Yaw,0,0,155.9,155.9,False,False,False,False,False,False,,False,Normal,,,980,943,955,1024,0,False,False,False,False,False,0,False,False,False,False,64,,,,23.726,False,3.95,3.949,3.95,3.955,3.952,3.933,0.022,False,False,,,,,0,0,0,0,0,0.0,2189.10,,Idle,0,20,False,10,True,,Go Home,,,,,,False,,,False,False,False,False,0,False,False,False,,,,,Calm,,, 4.2.16,DF059,095XF1800201C0,09CLF2800600NB,0JFJ4006F4,0KPAF1T23100U1,10.8,0.0,0.0,0.0,0.0,0,0,DF059,095XF1800201C0,09CLF2800600NB,0JFJ4006F4,0KPAF1T23100U1,,, 4.2.16,,,,,,
6/14/2018,11:19:45.15 PM,0m 16.3s,16.3,0,0,0,0,0.3,0,0,0,0,0,0,0,0,0,1.2,0.3,156.1,156.1,Manual Takeoff,Other,Takeoff (RC Assisted),0,0,False,,Matrice 210,True,False,,Smart,RC,True,True,False,,,True,,False,False,False,False,False,False,False,False,False,True,0,Follow Yaw,0,0,155.9,155.9,False,False,False,False,False,False,,False,Normal,,,747,669,653,1139,0,False,False,False,False,False,0,False,False,False,False,64,,,,23.726,False,3.95,3.949,3.95,3.955,3.952,3.933,0.022,False,False,,,,,0,0,0,0,0,0.0,2189.10,,Idle,0,20,False,10,True,,Go Home,,,,,,False,,,False,False,False,False,0,False,False,False,,,,,Calm,,, 4.2.16,DF059,095XF1800201C0,09CLF2800600NB,0JFJ4006F4,0KPAF1T23100U1,10.8,0.0,0.0,0.0,0.0,0,0,DF059,095XF1800201C0,09CLF2800600NB,0JFJ4006F4,0KPAF1T23100U1,,, 4.2.16,,,,,,
6/14/2018,11:19:45.26 PM,0m 16.4s,16.4,0,0,0,0,0.3,0,0,0,0,0,0,0,0,0,1.2,0.3,156.1,156.1,Manual Takeoff,Other,Takeoff (RC Assisted),0,0,False,,Matrice 210,True,False,,Smart,RC,True,True,False,,,True,,False,False,False,False,False,False,False,False,False,True,0,Follow Yaw,0,0,155.9,155.9,False,False,False,False,False,False,,False,Normal,,,487,364,364,1591,0,False,False,False,False,False,0,False,False,False,False,64,,,,23.726,False,3.95,3.949,3.95,3.955,3.952,3.933,0.022,False,False,,,,,0,0,0,0,0,0.0,2189.10,,Idle,0,20,False,10,True,,Go Home,,,,,,False,,,False,False,False,False,0,False,False,False,,,,,Calm,,, 4.2.16,DF059,095XF1800201C0,09CLF2800600NB,0JFJ4006F4,0KPAF1T23100U1,10.8,0.0,0.0,0.0,0.0,0,0,DF059,095XF1800201C0,09CLF2800600NB,0JFJ4006F4,0KPAF1T23100U1,,, 4.2.16,,,,,,
6/14/2018,11:19:45.36 PM,0m 16.5s,16.5,0,0,0,0,0.3,0,0,0,0,0,0,0,0,0,1.2,0.3,156.1,156.1,Manual Takeoff,Other,Takeoff (RC Assisted),0,0,False,,Matrice 210,True,False,,Smart,RC,True,True,False,,,True,,False,False,False,False,False,False,False,False,False,True,0,Follow Yaw,0,0,155.9,155.9,False,False,False,False,False,False,,False,Normal,,,364,364,364,1684,0,False,False,False,False,False,0,False,False,False,False,64,,,,23.726,False,3.95,3.949,3.95,3.955,3.952,3.933,0.022,False,False,,,,,0,0,0,0,0,0.0,2189.10,,Idle,0,20,False,10,True,,Go Home,,,,,,False,,,False,False,False,False,0,False,False,False,,,,,Calm,,, 4.2.16,DF059,095XF1800201C0,09CLF2800600NB,0JFJ4006F4,0KPAF1T23100U1,10.8,0.0,0.0,0.0,0.0,0,0,DF059,095XF1800201C0,09CLF2800600NB,0JFJ4006F4,0KPAF1T23100U1,,, 4.2.16,,,,,,
6/14/2018,11:19:45.46 PM,0m 16.6s,16.6,0,0,0,0,0.3,0,0,0,0,0,0,0,0,0,1.2,0.3,156.1,156.1,Manual Takeoff,Other,Takeoff (RC Assisted),0,0,False,,Matrice 210,True,False,,Smart,RC,True,True,False,,,True,,False,False,False,False,False,False,False,False,False,True,0,Follow Yaw,0,0,155.9,155.9,False,False,False,False,False,False,,False,Normal,,,364,364,364,1684,0,False,False,False,False,False,0,False,False,False,False,64,,,,23.726,False,3.95,3.949,3.95,3.955,3.952,3.933,0.022,False,False,,,,,0,0,0,0,0,0.0,2189.10,,Idle,0,20,False,10,True,,Go Home,,,,,,False,,,False,False,False,False,0,False,False,False,,,,,Calm,,, 4.2.16,DF059,095XF1800201C0,09CLF2800600NB,0JFJ4006F4,0KPAF1T23100U1,10.8,0.0,0.0,0.0,0.0,0,0,DF059,095XF1800201C0,09CLF2800600NB,0JFJ4006F4,0KPAF1T23100U1,,, 4.2.16,,,,,,
6/14/2018,11:19:45.56 PM,0m 16.7s,16.7,0,0,0,0,0.3,0,0,0,0,0,0,0,0,0,1.2,0.3,156.1,156.1,Manual Takeoff,Other,Takeoff (RC Assisted),0,0,False,,Matrice 210,True,False,,Smart,RC,True,True,False,,,True,,False,False,False,False,False,False,False,False,False,True,0,Follow Yaw,0,0,155.9,155.9,False,False,False,False,False,False,,False,Normal,,,364,364,364,1684,0,False,False,False,False,False,0,False,False,False,False,64,,,,23.726,False,3.95,3.949,3.95,3.955,3.952,3.933,0.022,False,False,,,,,0,0,0,0,0,0.0,2189.10,,Idle,0,20,False,10,True,,Go Home,,,,,,False,,,False,False,False,False,0,False,False,False,,,,,Calm,,, 4.2.16,DF059,095XF1800201C0,09CLF2800600NB,0JFJ4006F4,0KPAF1T23100U1,10.8,0.0,0.0,0.0,0.0,0,0,DF059,095XF1800201C0,09CLF2800600NB,0JFJ4006F4,0KPAF1T23100U1,,, 4.2.16,,,,,,
6/14/2018,11:19:45.66 PM,0m 16.8s,16.8,0,0,0,0,0.3,0,0,0,0,0,0,0,0,0,1.2,0.3,156.1,156.1,Manual Takeoff,Other,Takeoff (RC Assisted),0,0,False,,Matrice 210,True,False,,Smart,RC,True,True,False,,,True,,False,False,False,False,False,False,False,False,False,True,0,Follow Yaw,0,0,155.9,155.9,False,False,False,False,False,False,,False,Normal,,,364,364,364,1684,0,False,False,False,False,False,0,False,False,False,False,64,,,,23.693,False,3.95,3.951,3.952,3.955,3.952,3.933,0.022,False,False,,,,,0,0,0,0,0,0.0,2189.10,,Idle,0,20,False,10,True,,Go Home,,,,,,False,,,False,False,False,False,0,False,False,False,,,,,Calm,,, 4.2.16,DF059,095XF1800201C0,09CLF2800600NB,0JFJ4006F4,0KPAF1T23100U1,10.8,0.0,0.0,0.0,0.0,0,0,DF059,095XF1800201C0,09CLF2800600NB,0JFJ4006F4,0KPAF1T23100U1,,, 4.2.16,,,,,,
6/14/2018,11:19:45.77 PM,0m 16.9s,16.9,0,0,0,0,0.3,0,0,0,0,0,0,0,0,0,1.2,0.3,156.1,156.1,Manual Takeoff,Other,Takeoff (RC Assisted),0,0,False,,Matrice 210,True,False,,Smart,RC,True,True,False,,,True,,False,False,False,False,False,False,False,False,False,True,0,Follow Yaw,0,0,155.9,155.9,False,False,False,False,False,False,,False,Normal,,,364,364,364,1684,0,False,False,False,False,False,0,False,False,False,False,64,,,,23.693,False,3.95,3.951,3.952,3.955,3.952,3.933,0.022,False,False,,,,,0,0,0,0,0,0.0,2189.10,,Idle,0,20,False,10,True,,Go Home,,,,,,False,,,False,False,False,False,0,False,False,False,,,,,Calm,,, 4.2.16,DF059,095XF1800201C0,09CLF2800600NB,0JFJ4006F4,0KPAF1T23100U1,10.8,0.0,0.0,0.0,0.0,0,0,DF059,095XF1800201C0,09CLF2800600NB,0JFJ4006F4,0KPAF1T23100U1,,, 4.2.16,,,,,,
6/14/2018,11:19:45.87 PM,0m 17.0s,17.0,0,0,0,0,0.3,0,0,0,0,0,0,0,0,0,1.2,0.3,156.1,156.1,Manual Takeoff,Other,Takeoff (RC Assisted),0,0,False,,Matrice 210,True,False,,Smart,RC,True,True,False,,,True,,False,False,False,False,False,False,False,False,False,True,0,Follow Yaw,0,0,155.9,155.9,False,False,False,False,False,False,,False,Normal,,,364,364,364,1684,0,False,False,False,False,False,0,False,False,False,False,64,,,,23.693,False,3.95,3.951,3.952,3.955,3.952,3.933,0.022,False,False,,,,,0,0,0,0,0,0.0,2189.10,,Idle,0,20,False,10,True,,Go Home,,,,,,False,,,False,False,False,False,0,False,False,False,,,,,Calm,,, 4.2.16,DF059,095XF1800201C0,09CLF2800600NB,0JFJ4006F4,0KPAF1T23100U1,10.8,0.0,0.0,0.0,0.0,0,0,DF059,095XF1800201C0,09CLF2800600NB,0JFJ4006F4,0KPAF1T23100U1,,, 4.2.16,,,,,,
6/14/2018,11:19:45.97 PM,0m 17.1s,17.1,0,0,0,0,0.3,0,0,0,0,0,0,0,0,0,1.2,0.3,156.1,156.1,Manual Takeoff,Other,Takeoff (RC Assisted),0,0,False,,Matrice 210,True,False,,Smart,RC,True,True,False,,,True,,False,False,False,False,False,False,False,False,False,True,0,Follow Yaw,0,0,155.9,155.9,False,False,False,False,False,False,,False,Normal,,,364,364,364,1684,0,False,False,False,False,False,0,False,False,False,False,64,,,,23.693,False,3.95,3.951,3.952,3.955,3.952,3.933,0.022,False,False,,,,,0,0,0,0,0,0.0,2189.10,,Idle,0,20,False,10,True,,Go Home,,,,,,False,,,False,False,False,False,0,False,False,False,,,,,Calm,,, 4.2.16,DF059,095XF1800201C0,09CLF2800600NB,0JFJ4006F4,0KPAF1T23100U1,10.8,0.0,0.0,0.0,0.0,0,0,DF059,095XF1800201C0,09CLF2800600NB,0JFJ4006F4,0KPAF1T23100U1,,, 4.2.16,,,,,,
6/14/2018,11:19:45.99 PM,0m 17.2s,17.2,0,0,0,0,0.3,0,0,0,0,0,0,0,0,0,1.2,0.3,156.1,156.1,P-GPS,Other,,0,0,False,,Matrice 210,True,False,,Smart,RC,False,False,False,,,True,,False,False,False,False,False,False,False,False,False,True,0,Follow Yaw,0,0,155.9,155.9,False,False,False,False,False,False,,False,Normal,,,364,364,364,1684,0,False,False,False,False,False,0,False,False,False,False,64,,,,23.693,False,3.95,3.951,3.952,3.955,3.952,3.933,0.022,False,False,,,,,0,0,0,0,0,0.0,2189.10,,Idle,0,20,False,10,True,,Go Home,,,,,,False,,,False,False,False,False,0,False,False,False,,,,,Calm,,, 4.2.16,DF059,095XF1800201C0,09CLF2800600NB,0JFJ4006F4,0KPAF1T23100U1,10.8,0.0,0.0,0.0,0.0,0,0,DF059,095XF1800201C0,09CLF2800600NB,0JFJ4006F4,0KPAF1T23100U1,,, 4.2.16,,,,,,
